,clk_period_design,wns,sim_clk,decoders,decoders_per_subunit,C,vth,addon,tech,design_name,power_folder,is_nominal_gf22,is_ssg_asap7,power_type,power_clock_network,power_register,power_combinational,power_net_switching,power_cell_internal,power_cell_leakage,power_total,power_lut_int_power,power_lut_switch_power,power_lut_leak_power,power_lut_total_power,power_fp_adder_int_power,power_fp_adder_switch_power,power_fp_adder_leak_power,power_fp_adder_total_power,power_encoder_4_int_power,power_encoder_4_switch_power,power_encoder_4_leak_power,power_encoder_4_total_power,power_encoder_int_power,power_encoder_switch_power,power_encoder_leak_power,power_encoder_total_power,power_decoder_int_power,power_decoder_switch_power,power_decoder_leak_power,power_decoder_total_power,instance_count,area,area_lut,instance_count_lut,area_fp_adder,instance_count_fp_adder,area_encoder_4,instance_count_encoder_4,area_encoder,instance_count_encoder,area_decoder,instance_count_decoder,utilization
0,1700,16,1716,8,4,16,SL,,22,22_8_4_16_1700_TT_SL,/usr/scratch2/vilan2/janniss/outputs/power/22_8_4_16_1700_TT_SL-1716-execute,False,False,execute,1.422e-03,6.646e-04,3.506e-03,3.007e-03,2.007e-03,5.788e-04,5.593e-03,6.21e-05,0.000149,5.6e-05,0.000267,4.98e-05,9.44e-05,6.4e-06,0.000151,0.000412,0.000439,6.36e-05,0.000915,9.47e-05,9.81e-05,1.58e-05,0.000209,0.000179,0.000256,6.42e-05,0.000498,95497,61579.116,6011.1,8869.0,609.423,1544.0,6905.933,10041.0,1713.055,2488.0,6803.564,10595.0,0.72746
1,1700,16,1716,8,4,16,SL,,22,22_8_4_16_1700_TT_SL,/usr/scratch2/vilan2/janniss/outputs/power/22_8_4_16_1700_TT_SL-1716-write,False,False,write,1.945e-03,4.841e-04,8.140e-04,1.249e-03,1.413e-03,5.813e-04,3.243e-03,3.56e-05,9.03e-05,5.79e-05,0.000184,0.0,0.0,6.37e-06,6.37e-06,0.000347,0.000113,6.08e-05,0.000521,7.82e-05,7.94e-06,1.51e-05,0.000101,0.000113,8.42e-05,6.68e-05,0.000264,95497,61579.116,6011.1,8869.0,609.423,1544.0,6905.933,10041.0,1713.055,2488.0,6803.564,10595.0,0.72746
2,1700,216,1916,8,4,16,SL,,22,22_8_4_16_1700_TT_SL,/usr/scratch2/vilan2/janniss/outputs/power/22_8_4_16_1700_TT_SL-1916-execute,False,False,execute,1.276e-03,6.373e-04,3.157e-03,2.693e-03,1.798e-03,5.788e-04,5.070e-03,5.56e-05,0.000134,5.6e-05,0.000245,4.46e-05,8.46e-05,6.4e-06,0.000136,0.000369,0.000394,6.36e-05,0.000826,8.48e-05,8.78e-05,1.58e-05,0.000188,0.00016,0.000229,6.42e-05,0.000453,95497,61579.116,6011.1,8869.0,609.423,1544.0,6905.933,10041.0,1713.055,2488.0,6803.564,10595.0,0.72746
3,1700,216,1916,8,4,16,SL,,22,22_8_4_16_1700_TT_SL,/usr/scratch2/vilan2/janniss/outputs/power/22_8_4_16_1700_TT_SL-1916-write,False,False,write,1.744e-03,4.784e-04,7.432e-04,1.119e-03,1.265e-03,5.813e-04,2.965e-03,3.19e-05,8.09e-05,5.79e-05,0.000171,0.0,0.0,6.37e-06,6.37e-06,0.000311,0.000101,6.08e-05,0.000473,7e-05,7.11e-06,1.51e-05,9.22e-05,0.000101,7.54e-05,6.68e-05,0.000243,95497,61579.116,6011.1,8869.0,609.423,1544.0,6905.933,10041.0,1713.055,2488.0,6803.564,10595.0,0.72746
4,1700,20,1720,8,4,16,SL,nominal,22,22_8_4_16_1700_TT_nominal_SL,/usr/scratch2/vilan2/janniss/outputs/power/22_8_4_16_1700_TT_nominal_SL-1720-execute,True,False,execute,2.196e-03,1.144e-03,5.097e-03,4.298e-03,3.069e-03,1.070e-03,8.437e-03,0.000111,0.000233,0.000107,0.00045,5.44e-05,0.00011,8.17e-06,0.000172,0.000674,0.000696,0.000121,0.00149,0.000156,0.000149,3e-05,0.000334,0.000269,0.000361,0.000118,0.000749,94797,60382.833,6014.228,8871.0,455.936,1449.0,6909.793,10053.0,1714.053,2491.0,6645.151,10503.0,0.7203499999999999
5,1700,20,1720,8,4,16,SL,nominal,22,22_8_4_16_1700_TT_nominal_SL,/usr/scratch2/vilan2/janniss/outputs/power/22_8_4_16_1700_TT_nominal_SL-1720-write,True,False,write,3.010e-03,9.258e-04,1.314e-03,1.903e-03,2.261e-03,1.086e-03,5.250e-03,6.29e-05,0.000144,0.000112,0.000319,0.0,0.0,8e-06,8e-06,0.000555,0.000204,0.000116,0.000875,0.000125,1.26e-05,2.88e-05,0.000166,0.000186,0.000149,0.000125,0.00046,94797,60382.833,6014.228,8871.0,455.936,1449.0,6909.793,10053.0,1714.053,2491.0,6645.151,10503.0,0.7203499999999999
6,1700,220,1920,8,4,16,SL,nominal,22,22_8_4_16_1700_TT_nominal_SL,/usr/scratch2/vilan2/janniss/outputs/power/22_8_4_16_1700_TT_nominal_SL-1920-execute,True,False,execute,1.970e-03,1.107e-03,4.593e-03,3.850e-03,2.750e-03,1.070e-03,7.670e-03,9.93e-05,0.000209,0.000107,0.000414,4.87e-05,9.84e-05,8.17e-06,0.000155,0.000604,0.000623,0.000121,0.00135,0.000139,0.000133,3e-05,0.000303,0.000241,0.000323,0.000118,0.000683,94797,60382.833,6014.228,8871.0,455.936,1449.0,6909.793,10053.0,1714.053,2491.0,6645.151,10503.0,0.7203499999999999
7,1700,220,1920,8,4,16,SL,nominal,22,22_8_4_16_1700_TT_nominal_SL,/usr/scratch2/vilan2/janniss/outputs/power/22_8_4_16_1700_TT_nominal_SL-1920-write,True,False,write,2.700e-03,9.171e-04,1.200e-03,1.705e-03,2.026e-03,1.086e-03,4.817e-03,5.64e-05,0.000129,0.000112,0.000297,0.0,0.0,8e-06,8e-06,0.000497,0.000182,0.000116,0.000796,0.000112,1.13e-05,2.88e-05,0.000152,0.000166,0.000134,0.000125,0.000425,94797,60382.833,6014.228,8871.0,455.936,1449.0,6909.793,10053.0,1714.053,2491.0,6645.151,10503.0,0.7203499999999999
8,1800,24,1824,8,4,16,SL,,22,22_8_4_16_1800_TT_SL,/usr/scratch2/vilan2/janniss/outputs/power/22_8_4_16_1800_TT_SL-1824-execute,False,False,execute,1.304e-03,6.348e-04,3.247e-03,2.738e-03,1.872e-03,5.753e-04,5.186e-03,5.68e-05,0.000142,5.6e-05,0.000254,4.26e-05,8.41e-05,5.66e-06,0.000132,0.000389,0.000408,6.36e-05,0.000861,8.99e-05,9.19e-05,1.58e-05,0.000198,0.000164,0.000244,6.36e-05,0.000472,95651,61471.887,6025.743,8887.0,575.278,1550.0,6912.655,10034.0,1715.584,2489.0,6782.73,10622.0,0.72698
9,1800,24,1824,8,4,16,SL,,22,22_8_4_16_1800_TT_SL,/usr/scratch2/vilan2/janniss/outputs/power/22_8_4_16_1800_TT_SL-1824-write,False,False,write,1.795e-03,4.806e-04,7.798e-04,1.141e-03,1.336e-03,5.780e-04,3.055e-03,3.11e-05,7.86e-05,5.78e-05,0.000168,0.0,0.0,5.68e-06,5.68e-06,0.000328,0.000107,6.08e-05,0.000496,7.44e-05,7.8e-06,1.51e-05,9.74e-05,0.000107,9.78e-05,6.63e-05,0.000271,95651,61471.887,6025.743,8887.0,575.278,1550.0,6912.655,10034.0,1715.584,2489.0,6782.73,10622.0,0.72698
10,1800,224,2024,8,4,16,SL,,22,22_8_4_16_1800_TT_SL,/usr/scratch2/vilan2/janniss/outputs/power/22_8_4_16_1800_TT_SL-2024-execute,False,False,execute,1.177e-03,6.120e-04,2.942e-03,2.468e-03,1.687e-03,5.753e-04,4.730e-03,5.12e-05,0.000128,5.6e-05,0.000235,3.84e-05,7.58e-05,5.66e-06,0.00012,0.000351,0.000368,6.36e-05,0.000782,8.1e-05,8.28e-05,1.58e-05,0.00018,0.000148,0.00022,6.36e-05,0.000431,95651,61471.887,6025.743,8887.0,575.278,1550.0,6912.655,10034.0,1715.584,2489.0,6782.73,10622.0,0.72698
11,1800,224,2024,8,4,16,SL,,22,22_8_4_16_1800_TT_SL,/usr/scratch2/vilan2/janniss/outputs/power/22_8_4_16_1800_TT_SL-2024-write,False,False,write,1.619e-03,4.755e-04,7.158e-04,1.028e-03,1.204e-03,5.780e-04,2.810e-03,2.8e-05,7.09e-05,5.78e-05,0.000157,0.0,0.0,5.68e-06,5.68e-06,0.000296,9.62e-05,6.08e-05,0.000453,6.71e-05,7.03e-06,1.51e-05,8.92e-05,9.65e-05,8.81e-05,6.63e-05,0.000251,95651,61471.887,6025.743,8887.0,575.278,1550.0,6912.655,10034.0,1715.584,2489.0,6782.73,10622.0,0.72698
12,1800,8,1808,8,4,16,SL,nominal,22,22_8_4_16_1800_TT_nominal_SL,/usr/scratch2/vilan2/janniss/outputs/power/22_8_4_16_1800_TT_nominal_SL-1808-execute,True,False,execute,2.069e-03,1.124e-03,4.892e-03,4.098e-03,2.909e-03,1.077e-03,8.085e-03,0.000104,0.000223,0.000107,0.000434,5.07e-05,0.000105,7.93e-06,0.000163,0.000634,0.000637,0.000123,0.00139,0.000148,0.000143,3.04e-05,0.000322,0.000256,0.000346,0.000119,0.000721,94944,60489.661,6024.412,8888.0,451.743,1447.0,6951.593,10098.0,1723.039,2498.0,6651.674,10519.0,0.72717
13,1800,8,1808,8,4,16,SL,nominal,22,22_8_4_16_1800_TT_nominal_SL,/usr/scratch2/vilan2/janniss/outputs/power/22_8_4_16_1800_TT_nominal_SL-1808-write,True,False,write,2.863e-03,9.133e-04,1.272e-03,1.800e-03,2.156e-03,1.093e-03,5.049e-03,5.75e-05,0.000124,0.000112,0.000294,0.0,0.0,7.75e-06,7.75e-06,0.000522,0.000179,0.000118,0.000819,0.000119,1.18e-05,2.92e-05,0.00016,0.000178,0.000132,0.000126,0.000436,94944,60489.661,6024.412,8888.0,451.743,1447.0,6951.593,10098.0,1723.039,2498.0,6651.674,10519.0,0.72717
14,1800,208,2008,8,4,16,SL,nominal,22,22_8_4_16_1800_TT_nominal_SL,/usr/scratch2/vilan2/janniss/outputs/power/22_8_4_16_1800_TT_nominal_SL-2008-execute,True,False,execute,1.866e-03,1.090e-03,4.431e-03,3.690e-03,2.620e-03,1.077e-03,7.387e-03,9.4e-05,0.0002,0.000107,0.000402,4.57e-05,9.41e-05,7.93e-06,0.000148,0.00057,0.000574,0.000123,0.00127,0.000133,0.000129,3.04e-05,0.000293,0.00023,0.000312,0.000119,0.000661,94944,60489.661,6024.412,8888.0,451.743,1447.0,6951.593,10098.0,1723.039,2498.0,6651.674,10519.0,0.72717
15,1800,208,2008,8,4,16,SL,nominal,22,22_8_4_16_1800_TT_nominal_SL,/usr/scratch2/vilan2/janniss/outputs/power/22_8_4_16_1800_TT_nominal_SL-2008-write,True,False,write,2.581e-03,9.065e-04,1.168e-03,1.620e-03,1.941e-03,1.093e-03,4.655e-03,5.17e-05,0.000112,0.000112,0.000276,0.0,0.0,7.75e-06,7.75e-06,0.00047,0.000161,0.000118,0.00075,0.000107,1.06e-05,2.92e-05,0.000147,0.00016,0.000119,0.000126,0.000406,94944,60489.661,6024.412,8888.0,451.743,1447.0,6951.593,10098.0,1723.039,2498.0,6651.674,10519.0,0.72717
16,2900,64,2964,8,4,16,L,,22,22_8_4_16_2900_TT_L,/usr/scratch2/vilan2/janniss/outputs/power/22_8_4_16_2900_TT_L-2964-execute,False,False,execute,8.112e-04,1.639e-04,1.936e-03,1.720e-03,1.162e-03,2.920e-05,2.911e-03,3e-05,7.95e-05,2.78e-06,0.000112,3.17e-05,5.96e-05,3.76e-07,9.17e-05,0.000221,0.000195,3.12e-06,0.000419,5.33e-05,5.23e-05,7.76e-07,0.000106,0.000101,0.000149,3.24e-06,0.000253,97060,62671.631,6024.279,8873.0,665.8,1715.0,6915.118,10065.0,1718.047,2501.0,6878.377,10773.0,0.72092
17,2900,64,2964,8,4,16,L,,22,22_8_4_16_2900_TT_L,/usr/scratch2/vilan2/janniss/outputs/power/22_8_4_16_2900_TT_L-2964-write,False,False,write,1.122e-03,4.450e-05,3.771e-04,6.857e-04,8.287e-04,2.930e-05,1.544e-03,1.8e-05,4.62e-05,2.9e-06,6.71e-05,0.0,0.0,3.87e-07,3.87e-07,0.000189,2.06e-05,2.99e-06,0.000213,4.49e-05,4.47e-06,7.45e-07,5.01e-05,6.48e-05,5.11e-05,3.35e-06,0.000119,97060,62671.631,6024.279,8873.0,665.8,1715.0,6915.118,10065.0,1718.047,2501.0,6878.377,10773.0,0.72092
18,2900,264,3164,8,4,16,L,,22,22_8_4_16_2900_TT_L,/usr/scratch2/vilan2/janniss/outputs/power/22_8_4_16_2900_TT_L-3164-execute,False,False,execute,7.599e-04,1.548e-04,1.814e-03,1.611e-03,1.089e-03,2.920e-05,2.729e-03,2.81e-05,7.44e-05,2.78e-06,0.000105,2.97e-05,5.59e-05,3.76e-07,8.6e-05,0.000207,0.000182,3.12e-06,0.000393,4.99e-05,4.9e-05,7.76e-07,9.97e-05,9.46e-05,0.00014,3.24e-06,0.000237,97060,62671.631,6024.279,8873.0,665.8,1715.0,6915.118,10065.0,1718.047,2501.0,6878.377,10773.0,0.72092
19,2900,264,3164,8,4,16,L,,22,22_8_4_16_2900_TT_L,/usr/scratch2/vilan2/janniss/outputs/power/22_8_4_16_2900_TT_L-3164-write,False,False,write,1.051e-03,4.302e-05,3.538e-04,6.423e-04,7.763e-04,2.930e-05,1.448e-03,1.69e-05,4.33e-05,2.9e-06,6.31e-05,0.0,0.0,3.87e-07,3.87e-07,0.000177,1.93e-05,2.99e-06,0.000199,4.21e-05,4.19e-06,7.45e-07,4.7e-05,6.07e-05,4.78e-05,3.35e-06,0.000112,97060,62671.631,6024.279,8873.0,665.8,1715.0,6915.118,10065.0,1718.047,2501.0,6878.377,10773.0,0.72092
20,2900,24,2924,8,4,16,L,nominal,22,22_8_4_16_2900_TT_nominal_L,/usr/scratch2/vilan2/janniss/outputs/power/22_8_4_16_2900_TT_nominal_L-2924-execute,True,False,execute,1.197e-03,2.452e-04,2.658e-03,2.474e-03,1.572e-03,5.490e-05,4.100e-03,4.8e-05,0.00012,5.46e-06,0.000174,2.96e-05,6.75e-05,4.09e-07,9.76e-05,0.000349,0.000355,6.21e-06,0.00071,8.12e-05,8.22e-05,1.54e-06,0.000165,0.000136,0.000208,6.08e-06,0.00035,94843,60217.631,6001.116,8868.0,452.076,1471.0,6895.616,10052.0,1711.191,2499.0,6628.777,10524.0,0.72284
21,2900,24,2924,8,4,16,L,nominal,22,22_8_4_16_2900_TT_nominal_L,/usr/scratch2/vilan2/janniss/outputs/power/22_8_4_16_2900_TT_nominal_L-2924-write,True,False,write,1.652e-03,8.455e-05,6.018e-04,1.067e-03,1.215e-03,5.554e-05,2.338e-03,2.82e-05,6.85e-05,5.69e-06,0.000102,0.0,0.0,4.04e-07,4.04e-07,0.0003,7.52e-05,5.97e-06,0.000381,6.88e-05,7.08e-06,1.48e-06,7.74e-05,9.93e-05,8.14e-05,6.38e-06,0.000187,94843,60217.631,6001.116,8868.0,452.076,1471.0,6895.616,10052.0,1711.191,2499.0,6628.777,10524.0,0.72284
22,2900,224,3124,8,4,16,L,nominal,22,22_8_4_16_2900_TT_nominal_L,/usr/scratch2/vilan2/janniss/outputs/power/22_8_4_16_2900_TT_nominal_L-3124-execute,True,False,execute,1.121e-03,2.320e-04,2.489e-03,2.315e-03,1.471e-03,5.490e-05,3.841e-03,4.49e-05,0.000113,5.46e-06,0.000163,2.77e-05,6.32e-05,4.09e-07,9.14e-05,0.000326,0.000332,6.21e-06,0.000665,7.6e-05,7.69e-05,1.54e-06,0.000154,0.000128,0.000195,6.08e-06,0.000328,94843,60217.631,6001.116,8868.0,452.076,1471.0,6895.616,10052.0,1711.191,2499.0,6628.777,10524.0,0.72284
23,2900,224,3124,8,4,16,L,nominal,22,22_8_4_16_2900_TT_nominal_L,/usr/scratch2/vilan2/janniss/outputs/power/22_8_4_16_2900_TT_nominal_L-3124-write,True,False,write,1.546e-03,8.187e-05,5.640e-04,9.990e-04,1.138e-03,5.554e-05,2.192e-03,2.64e-05,6.41e-05,5.69e-06,9.62e-05,0.0,0.0,4.04e-07,4.04e-07,0.000281,7.04e-05,5.97e-06,0.000357,6.44e-05,6.63e-06,1.48e-06,7.25e-05,9.29e-05,7.62e-05,6.38e-06,0.000176,94843,60217.631,6001.116,8868.0,452.076,1471.0,6895.616,10052.0,1711.191,2499.0,6628.777,10524.0,0.72284
24,3000,70,3070,8,4,16,L,,22,22_8_4_16_3000_TT_L,/usr/scratch2/vilan2/janniss/outputs/power/22_8_4_16_3000_TT_L-3070-execute,False,False,execute,7.405e-04,1.565e-04,1.855e-03,1.633e-03,1.090e-03,2.895e-05,2.752e-03,2.88e-05,7.38e-05,2.79e-06,0.000105,2.89e-05,5.39e-05,3.27e-07,8.32e-05,0.000216,0.000215,3.13e-06,0.000434,5.1e-05,4.96e-05,7.79e-07,0.000101,9.55e-05,0.000136,3.19e-06,0.000235,96487,62309.279,6009.37,8863.0,683.771,1693.0,6926.3,10041.0,1729.162,2492.0,6880.64,10737.0,0.7206100000000001
25,3000,70,3070,8,4,16,L,,22,22_8_4_16_3000_TT_L,/usr/scratch2/vilan2/janniss/outputs/power/22_8_4_16_3000_TT_L-3070-write,False,False,write,1.033e-03,4.446e-05,3.602e-04,6.315e-04,7.776e-04,2.902e-05,1.438e-03,1.72e-05,4.08e-05,2.9e-06,6.09e-05,0.0,0.0,3.32e-07,3.32e-07,0.000186,4.37e-05,2.99e-06,0.000232,4.33e-05,4.17e-06,7.47e-07,4.83e-05,6.2e-05,4.5e-05,3.3e-06,0.00011,96487,62309.279,6009.37,8863.0,683.771,1693.0,6926.3,10041.0,1729.162,2492.0,6880.64,10737.0,0.7206100000000001
26,3000,270,3270,8,4,16,L,,22,22_8_4_16_3000_TT_L,/usr/scratch2/vilan2/janniss/outputs/power/22_8_4_16_3000_TT_L-3270-execute,False,False,execute,6.952e-04,1.482e-04,1.742e-03,1.533e-03,1.024e-03,2.895e-05,2.586e-03,2.71e-05,6.93e-05,2.79e-06,9.92e-05,2.71e-05,5.06e-05,3.27e-07,7.81e-05,0.000203,0.000202,3.13e-06,0.000408,4.79e-05,4.65e-05,7.79e-07,9.52e-05,8.97e-05,0.000128,3.19e-06,0.000221,96487,62309.279,6009.37,8863.0,683.771,1693.0,6926.3,10041.0,1729.162,2492.0,6880.64,10737.0,0.7206100000000001
27,3000,270,3270,8,4,16,L,,22,22_8_4_16_3000_TT_L,/usr/scratch2/vilan2/janniss/outputs/power/22_8_4_16_3000_TT_L-3270-write,False,False,write,9.703e-04,4.303e-05,3.386e-04,5.929e-04,7.300e-04,2.902e-05,1.352e-03,1.62e-05,3.83e-05,2.9e-06,5.74e-05,0.0,0.0,3.32e-07,3.32e-07,0.000174,4.1e-05,2.99e-06,0.000218,4.07e-05,3.91e-06,7.47e-07,4.54e-05,5.82e-05,4.23e-05,3.3e-06,0.000104,96487,62309.279,6009.37,8863.0,683.771,1693.0,6926.3,10041.0,1729.162,2492.0,6880.64,10737.0,0.7206100000000001
28,3000,38,3038,8,4,16,L,nominal,22,22_8_4_16_3000_TT_nominal_L,/usr/scratch2/vilan2/janniss/outputs/power/22_8_4_16_3000_TT_nominal_L-3038-execute,True,False,execute,1.170e-03,2.434e-04,2.556e-03,2.411e-03,1.503e-03,5.518e-05,3.969e-03,4.48e-05,0.000115,5.48e-06,0.000166,2.83e-05,6.53e-05,4.05e-07,9.41e-05,0.000334,0.000345,6.32e-06,0.000685,7.84e-05,8.21e-05,1.57e-06,0.000162,0.000126,0.000191,6.09e-06,0.000323,94827,60326.523,6009.969,8873.0,449.546,1451.0,6952.392,10119.0,1726.566,2512.0,6634.967,10508.0,0.72494
29,3000,38,3038,8,4,16,L,nominal,22,22_8_4_16_3000_TT_nominal_L,/usr/scratch2/vilan2/janniss/outputs/power/22_8_4_16_3000_TT_nominal_L-3038-write,True,False,write,1.611e-03,7.648e-05,5.983e-04,1.049e-03,1.180e-03,5.582e-05,2.285e-03,2.77e-05,6.58e-05,5.71e-06,9.92e-05,0.0,0.0,4e-07,4e-07,0.000289,7.75e-05,6.09e-06,0.000373,6.68e-05,6.6e-06,1.51e-06,7.49e-05,9.27e-05,7.78e-05,6.39e-06,0.000177,94827,60326.523,6009.969,8873.0,449.546,1451.0,6952.392,10119.0,1726.566,2512.0,6634.967,10508.0,0.72494
30,3000,238,3238,8,4,16,L,nominal,22,22_8_4_16_3000_TT_nominal_L,/usr/scratch2/vilan2/janniss/outputs/power/22_8_4_16_3000_TT_nominal_L-3238-execute,True,False,execute,1.098e-03,2.308e-04,2.399e-03,2.262e-03,1.410e-03,5.518e-05,3.727e-03,4.21e-05,0.000108,5.48e-06,0.000156,2.66e-05,6.13e-05,4.05e-07,8.83e-05,0.000314,0.000323,6.32e-06,0.000643,7.35e-05,7.7e-05,1.57e-06,0.000152,0.000118,0.000179,6.09e-06,0.000303,94827,60326.523,6009.969,8873.0,449.546,1451.0,6952.392,10119.0,1726.566,2512.0,6634.967,10508.0,0.72494
31,3000,238,3238,8,4,16,L,nominal,22,22_8_4_16_3000_TT_nominal_L,/usr/scratch2/vilan2/janniss/outputs/power/22_8_4_16_3000_TT_nominal_L-3238-write,True,False,write,1.511e-03,7.440e-05,5.620e-04,9.845e-04,1.107e-03,5.582e-05,2.148e-03,2.6e-05,6.17e-05,5.71e-06,9.34e-05,0.0,0.0,4e-07,4e-07,0.000271,7.27e-05,6.09e-06,0.00035,6.27e-05,6.2e-06,1.51e-06,7.04e-05,8.7e-05,7.3e-05,6.39e-06,0.000166,94827,60326.523,6009.969,8873.0,449.546,1451.0,6952.392,10119.0,1726.566,2512.0,6634.967,10508.0,0.72494
32,1700,30,1730,8,4,32,SL,,22,22_8_4_32_1700_TT_SL,/usr/scratch2/vilan2/janniss/outputs/power/22_8_4_32_1700_TT_SL-1730-execute,False,False,execute,1.702e-03,1.029e-03,5.308e-03,4.476e-03,2.492e-03,1.070e-03,8.038e-03,0.000115,0.000293,0.000111,0.000518,4.44e-05,8.45e-05,5.83e-06,0.000135,0.000473,0.000671,0.000118,0.00126,0.000112,0.000168,2.95e-05,0.000309,0.000227,0.0004,0.000118,0.000745,178540,115572.188,12010.552,18061.0,603.433,1546.0,12894.735,18889.0,3212.585,4701.0,12796.892,19792.0,0.72134
33,1700,30,1730,8,4,32,SL,,22,22_8_4_32_1700_TT_SL,/usr/scratch2/vilan2/janniss/outputs/power/22_8_4_32_1700_TT_SL-1730-write,False,False,write,2.236e-03,8.928e-04,1.699e-03,2.161e-03,1.587e-03,1.081e-03,4.829e-03,4.81e-05,0.000184,0.000117,0.000349,0.0,0.0,5.81e-06,5.81e-06,0.00037,0.000175,0.000113,0.000658,8.49e-05,2.91e-05,2.83e-05,0.000142,0.000129,0.000191,0.000125,0.000445,178540,115572.188,12010.552,18061.0,603.433,1546.0,12894.735,18889.0,3212.585,4701.0,12796.892,19792.0,0.72134
34,1700,230,1930,8,4,32,SL,,22,22_8_4_32_1700_TT_SL,/usr/scratch2/vilan2/janniss/outputs/power/22_8_4_32_1700_TT_SL-1930-execute,False,False,execute,1.529e-03,1.004e-03,4.783e-03,4.012e-03,2.234e-03,1.070e-03,7.316e-03,0.000103,0.000263,0.000111,0.000476,3.98e-05,7.57e-05,5.83e-06,0.000121,0.000424,0.000601,0.000118,0.00114,0.0001,0.00015,2.95e-05,0.00028,0.000204,0.000359,0.000118,0.00068,178540,115572.188,12010.552,18061.0,603.433,1546.0,12894.735,18889.0,3212.585,4701.0,12796.892,19792.0,0.72134
35,1700,230,1930,8,4,32,SL,,22,22_8_4_32_1700_TT_SL,/usr/scratch2/vilan2/janniss/outputs/power/22_8_4_32_1700_TT_SL-1930-write,False,False,write,2.008e-03,8.878e-04,1.545e-03,1.937e-03,1.423e-03,1.081e-03,4.440e-03,4.31e-05,0.000165,0.000117,0.000325,0.0,0.0,5.81e-06,5.81e-06,0.000332,0.000156,0.000113,0.000602,7.61e-05,2.61e-05,2.83e-05,0.00013,0.000115,0.000171,0.000125,0.000411,178540,115572.188,12010.552,18061.0,603.433,1546.0,12894.735,18889.0,3212.585,4701.0,12796.892,19792.0,0.72134
36,1700,20,1720,8,4,32,SL,nominal,22,22_8_4_32_1700_TT_nominal_SL,/usr/scratch2/vilan2/janniss/outputs/power/22_8_4_32_1700_TT_nominal_SL-1720-execute,True,False,execute,2.802e-03,1.893e-03,8.220e-03,6.801e-03,4.080e-03,2.034e-03,0.0129,0.000221,0.000466,0.000213,0.0009,5.25e-05,0.000108,8.12e-06,0.000169,0.000809,0.00104,0.000228,0.00207,0.000185,0.000226,5.68e-05,0.000467,0.000376,0.000599,0.000224,0.0012,177443,114253.102,11986.125,18100.0,459.397,1451.0,12897.464,18914.0,3210.388,4703.0,12624.169,19737.0,0.72143
37,1700,20,1720,8,4,32,SL,nominal,22,22_8_4_32_1700_TT_nominal_SL,/usr/scratch2/vilan2/janniss/outputs/power/22_8_4_32_1700_TT_nominal_SL-1720-write,True,False,write,3.646e-03,1.736e-03,2.729e-03,3.409e-03,2.629e-03,2.072e-03,8.110e-03,9.53e-05,0.00028,0.00023,0.000606,0.0,0.0,7.93e-06,7.93e-06,0.00061,0.000273,0.00022,0.0011,0.000132,1.87e-05,5.47e-05,0.000205,0.000219,0.000292,0.000241,0.000752,177443,114253.102,11986.125,18100.0,459.397,1451.0,12897.464,18914.0,3210.388,4703.0,12624.169,19737.0,0.72143
38,1700,220,1920,8,4,32,SL,nominal,22,22_8_4_32_1700_TT_nominal_SL,/usr/scratch2/vilan2/janniss/outputs/power/22_8_4_32_1700_TT_nominal_SL-1920-execute,True,False,execute,2.516e-03,1.856e-03,7.409e-03,6.092e-03,3.655e-03,2.034e-03,0.0118,0.000198,0.000418,0.000213,0.000829,4.71e-05,9.67e-05,8.12e-06,0.000152,0.000725,0.000929,0.000228,0.00188,0.000165,0.000202,5.68e-05,0.000424,0.000337,0.000537,0.000224,0.0011,177443,114253.102,11986.125,18100.0,459.397,1451.0,12897.464,18914.0,3210.388,4703.0,12624.169,19737.0,0.72143
39,1700,220,1920,8,4,32,SL,nominal,22,22_8_4_32_1700_TT_nominal_SL,/usr/scratch2/vilan2/janniss/outputs/power/22_8_4_32_1700_TT_nominal_SL-1920-write,True,False,write,3.272e-03,1.728e-03,2.482e-03,3.054e-03,2.356e-03,2.072e-03,7.482e-03,8.54e-05,0.000251,0.00023,0.000567,0.0,0.0,7.93e-06,7.93e-06,0.000546,0.000244,0.00022,0.00101,0.000118,1.67e-05,5.47e-05,0.00019,0.000196,0.000262,0.000241,0.000699,177443,114253.102,11986.125,18100.0,459.397,1451.0,12897.464,18914.0,3210.388,4703.0,12624.169,19737.0,0.72143
40,1800,10,1810,8,4,32,SL,,22,22_8_4_32_1800_TT_SL,/usr/scratch2/vilan2/janniss/outputs/power/22_8_4_32_1800_TT_SL-1810-execute,False,False,execute,1.707e-03,1.035e-03,4.983e-03,4.271e-03,2.387e-03,1.067e-03,7.725e-03,0.000112,0.000289,0.00011,0.000511,4.03e-05,7.84e-05,5.69e-06,0.000124,0.000461,0.000645,0.000118,0.00122,0.000104,0.000148,2.94e-05,0.000282,0.000218,0.000389,0.000118,0.000724,178313,115266.012,11999.636,18127.0,579.139,1549.0,12898.196,18878.0,3211.054,4690.0,12763.346,19865.0,0.72304
41,1800,10,1810,8,4,32,SL,,22,22_8_4_32_1800_TT_SL,/usr/scratch2/vilan2/janniss/outputs/power/22_8_4_32_1800_TT_SL-1810-write,False,False,write,2.223e-03,8.907e-04,1.612e-03,2.094e-03,1.554e-03,1.078e-03,4.725e-03,4.88e-05,0.000183,0.000117,0.000349,0.0,0.0,5.68e-06,5.68e-06,0.000363,0.000173,0.000114,0.00065,7.91e-05,1.14e-05,2.83e-05,0.000119,0.000126,0.00019,0.000124,0.00044,178313,115266.012,11999.636,18127.0,579.139,1549.0,12898.196,18878.0,3211.054,4690.0,12763.346,19865.0,0.72304
42,1800,210,2010,8,4,32,SL,,22,22_8_4_32_1800_TT_SL,/usr/scratch2/vilan2/janniss/outputs/power/22_8_4_32_1800_TT_SL-2010-execute,False,False,execute,1.540e-03,1.011e-03,4.511e-03,3.846e-03,2.149e-03,1.067e-03,7.062e-03,0.000101,0.00026,0.00011,0.000471,3.62e-05,7.06e-05,5.69e-06,0.000113,0.000415,0.000581,0.000118,0.00111,9.37e-05,0.000134,2.94e-05,0.000257,0.000196,0.00035,0.000118,0.000663,178313,115266.012,11999.636,18127.0,579.139,1549.0,12898.196,18878.0,3211.054,4690.0,12763.346,19865.0,0.72304
43,1800,210,2010,8,4,32,SL,,22,22_8_4_32_1800_TT_SL,/usr/scratch2/vilan2/janniss/outputs/power/22_8_4_32_1800_TT_SL-2010-write,False,False,write,2.005e-03,8.861e-04,1.472e-03,1.886e-03,1.399e-03,1.078e-03,4.362e-03,4.39e-05,0.000165,0.000117,0.000326,0.0,0.0,5.68e-06,5.68e-06,0.000327,0.000156,0.000114,0.000596,7.12e-05,1.02e-05,2.83e-05,0.00011,0.000113,0.000171,0.000124,0.000409,178313,115266.012,11999.636,18127.0,579.139,1549.0,12898.196,18878.0,3211.054,4690.0,12763.346,19865.0,0.72304
44,1800,12,1812,8,4,32,SL,nominal,22,22_8_4_32_1800_TT_nominal_SL,/usr/scratch2/vilan2/janniss/outputs/power/22_8_4_32_1800_TT_nominal_SL-1812-execute,True,False,execute,2.608e-03,1.876e-03,7.815e-03,6.430e-03,3.835e-03,2.035e-03,0.0123,0.000203,0.000443,0.000213,0.000859,4.89e-05,9.95e-05,7.97e-06,0.000156,0.00075,0.000954,0.000228,0.00193,0.000174,0.0002,5.66e-05,0.00043,0.00035,0.000569,0.000224,0.00114,177640,114260.557,12010.885,18131.0,452.275,1449.0,12883.62,18896.0,3206.262,4704.0,12640.742,19765.0,0.72187
45,1800,12,1812,8,4,32,SL,nominal,22,22_8_4_32_1800_TT_nominal_SL,/usr/scratch2/vilan2/janniss/outputs/power/22_8_4_32_1800_TT_nominal_SL-1812-write,True,False,write,3.408e-03,1.733e-03,2.636e-03,3.231e-03,2.473e-03,2.073e-03,7.777e-03,8.19e-05,0.000282,0.000231,0.000594,0.0,0.0,7.76e-06,7.76e-06,0.000562,0.000237,0.000219,0.00102,0.000125,1.76e-05,5.45e-05,0.000197,0.0002,0.000293,0.000241,0.000734,177640,114260.557,12010.885,18131.0,452.275,1449.0,12883.62,18896.0,3206.262,4704.0,12640.742,19765.0,0.72187
46,1800,212,2012,8,4,32,SL,nominal,22,22_8_4_32_1800_TT_nominal_SL,/usr/scratch2/vilan2/janniss/outputs/power/22_8_4_32_1800_TT_nominal_SL-2012-execute,True,False,execute,2.354e-03,1.843e-03,7.082e-03,5.790e-03,3.454e-03,2.035e-03,0.0113,0.000183,0.000399,0.000213,0.000795,4.4e-05,8.96e-05,7.97e-06,0.000142,0.000675,0.000859,0.000228,0.00176,0.000156,0.00018,5.66e-05,0.000393,0.000316,0.000512,0.000224,0.00105,177640,114260.557,12010.885,18131.0,452.275,1449.0,12883.62,18896.0,3206.262,4704.0,12640.742,19765.0,0.72187
47,1800,212,2012,8,4,32,SL,nominal,22,22_8_4_32_1800_TT_nominal_SL,/usr/scratch2/vilan2/janniss/outputs/power/22_8_4_32_1800_TT_nominal_SL-2012-write,True,False,write,3.076e-03,1.725e-03,2.410e-03,2.910e-03,2.228e-03,2.073e-03,7.211e-03,7.38e-05,0.000254,0.000231,0.000558,0.0,0.0,7.76e-06,7.76e-06,0.000506,0.000214,0.000219,0.000939,0.000113,1.58e-05,5.45e-05,0.000183,0.00018,0.000264,0.000241,0.000685,177640,114260.557,12010.885,18131.0,452.275,1449.0,12883.62,18896.0,3206.262,4704.0,12640.742,19765.0,0.72187
48,2900,146,3046,8,4,32,L,,22,22_8_4_32_2900_TT_L,/usr/scratch2/vilan2/janniss/outputs/power/22_8_4_32_2900_TT_L-3046-execute,False,False,execute,9.330e-04,1.885e-04,2.887e-03,2.539e-03,1.416e-03,5.452e-05,4.009e-03,5.94e-05,0.000164,5.52e-06,0.000229,3.11e-05,5.73e-05,4.26e-07,8.88e-05,0.000252,0.000342,5.92e-06,0.0006,5.95e-05,8.64e-05,1.48e-06,0.000147,0.000131,0.000235,6.04e-06,0.000372,178443,116958.633,12016.476,17962.0,725.238,1735.0,12941.061,18944.0,3228.559,4703.0,12941.394,19885.0,0.71935
49,2900,146,3046,8,4,32,L,,22,22_8_4_32_2900_TT_L,/usr/scratch2/vilan2/janniss/outputs/power/22_8_4_32_2900_TT_L-3046-write,False,False,write,1.242e-03,5.915e-05,7.996e-04,1.141e-03,9.047e-04,5.481e-05,2.101e-03,2.7e-05,9.28e-05,5.8e-06,0.000126,0.0,0.0,4.44e-07,4.44e-07,0.000202,7.22e-05,5.68e-06,0.00028,4.63e-05,6.32e-06,1.42e-06,5.41e-05,7.33e-05,9.73e-05,6.32e-06,0.000177,178443,116958.633,12016.476,17962.0,725.238,1735.0,12941.061,18944.0,3228.559,4703.0,12941.394,19885.0,0.71935
50,2900,346,3246,8,4,32,L,,22,22_8_4_32_2900_TT_L,/usr/scratch2/vilan2/janniss/outputs/power/22_8_4_32_2900_TT_L-3246-execute,False,False,execute,8.756e-04,1.793e-04,2.710e-03,2.382e-03,1.329e-03,5.452e-05,3.765e-03,5.58e-05,0.000154,5.52e-06,0.000215,2.92e-05,5.37e-05,4.26e-07,8.34e-05,0.000236,0.000321,5.92e-06,0.000563,5.58e-05,8.1e-05,1.48e-06,0.000138,0.000123,0.000221,6.04e-06,0.000349,178443,116958.633,12016.476,17962.0,725.238,1735.0,12941.061,18944.0,3228.559,4703.0,12941.394,19885.0,0.71935
51,2900,346,3246,8,4,32,L,,22,22_8_4_32_2900_TT_L,/usr/scratch2/vilan2/janniss/outputs/power/22_8_4_32_2900_TT_L-3246-write,False,False,write,1.165e-03,5.805e-05,7.511e-04,1.071e-03,8.489e-04,5.481e-05,1.974e-03,2.54e-05,8.71e-05,5.8e-06,0.000118,0.0,0.0,4.44e-07,4.44e-07,0.000189,6.78e-05,5.68e-06,0.000263,4.35e-05,5.93e-06,1.42e-06,5.08e-05,6.87e-05,9.13e-05,6.32e-06,0.000166,178443,116958.633,12016.476,17962.0,725.238,1735.0,12941.061,18944.0,3228.559,4703.0,12941.394,19885.0,0.71935
52,2900,18,2918,8,4,32,L,nominal,22,22_8_4_32_2900_TT_nominal_L,/usr/scratch2/vilan2/janniss/outputs/power/22_8_4_32_2900_TT_nominal_L-2918-execute,True,False,execute,1.477e-03,2.729e-04,4.207e-03,3.847e-03,2.005e-03,1.043e-04,5.957e-03,9.83e-05,0.000267,1.09e-05,0.000377,2.84e-05,5.97e-05,4.12e-07,8.85e-05,0.000405,0.000567,1.17e-05,0.000984,9.51e-05,0.000139,2.93e-06,0.000237,0.000182,0.000337,1.15e-05,0.000531,177337,114234.266,11991.316,18075.0,454.804,1473.0,12914.371,18902.0,3216.445,4700.0,12623.77,19733.0,0.71224
53,2900,18,2918,8,4,32,L,nominal,22,22_8_4_32_2900_TT_nominal_L,/usr/scratch2/vilan2/janniss/outputs/power/22_8_4_32_2900_TT_nominal_L-2918-write,True,False,write,1.948e-03,1.123e-04,1.300e-03,1.885e-03,1.370e-03,1.058e-04,3.360e-03,4.31e-05,0.000152,1.17e-05,0.000206,0.0,0.0,4.05e-07,4.05e-07,0.000327,0.000127,1.13e-05,0.000466,7.54e-05,2.7e-05,2.82e-06,0.000105,0.000112,0.000158,1.22e-05,0.000283,177337,114234.266,11991.316,18075.0,454.804,1473.0,12914.371,18902.0,3216.445,4700.0,12623.77,19733.0,0.71224
54,2900,218,3118,8,4,32,L,nominal,22,22_8_4_32_2900_TT_nominal_L,/usr/scratch2/vilan2/janniss/outputs/power/22_8_4_32_2900_TT_nominal_L-3118-execute,True,False,execute,1.383e-03,2.604e-04,3.939e-03,3.600e-03,1.877e-03,1.043e-04,5.582e-03,9.2e-05,0.00025,1.09e-05,0.000353,2.66e-05,5.59e-05,4.12e-07,8.28e-05,0.000379,0.000531,1.17e-05,0.000922,8.9e-05,0.00013,2.93e-06,0.000222,0.000171,0.000316,1.15e-05,0.000498,177337,114234.266,11991.316,18075.0,454.804,1473.0,12914.371,18902.0,3216.445,4700.0,12623.77,19733.0,0.71224
55,2900,218,3118,8,4,32,L,nominal,22,22_8_4_32_2900_TT_nominal_L,/usr/scratch2/vilan2/janniss/outputs/power/22_8_4_32_2900_TT_nominal_L-3118-write,True,False,write,1.824e-03,1.104e-04,1.217e-03,1.764e-03,1.282e-03,1.058e-04,3.152e-03,4.03e-05,0.000142,1.17e-05,0.000194,0.0,0.0,4.05e-07,4.05e-07,0.000306,0.000119,1.13e-05,0.000437,7.06e-05,2.53e-05,2.82e-06,9.87e-05,0.000105,0.000148,1.22e-05,0.000266,177337,114234.266,11991.316,18075.0,454.804,1473.0,12914.371,18902.0,3216.445,4700.0,12623.77,19733.0,0.71224
56,3000,158,3158,8,4,32,L,,22,22_8_4_32_3000_TT_L,/usr/scratch2/vilan2/janniss/outputs/power/22_8_4_32_3000_TT_L-3158-execute,False,False,execute,8.431e-04,1.664e-04,2.674e-03,2.339e-03,1.291e-03,5.378e-05,3.683e-03,5.52e-05,0.000159,5.52e-06,0.000219,2.77e-05,5.01e-05,3.57e-07,7.82e-05,0.000244,0.000341,5.9e-06,0.000591,5.65e-05,7.42e-05,1.47e-06,0.000132,0.000122,0.000221,5.97e-06,0.000349,177395,116022.134,11991.916,17899.0,656.415,1679.0,12909.844,18911.0,3215.713,4714.0,12842.486,19764.0,0.71509
57,3000,158,3158,8,4,32,L,,22,22_8_4_32_3000_TT_L,/usr/scratch2/vilan2/janniss/outputs/power/22_8_4_32_3000_TT_L-3158-write,False,False,write,1.136e-03,5.764e-05,7.664e-04,1.066e-03,8.406e-04,5.402e-05,1.960e-03,2.38e-05,9.22e-05,5.8e-06,0.000122,0.0,0.0,3.62e-07,3.62e-07,0.000197,7.71e-05,5.66e-06,0.00028,4.45e-05,6.12e-06,1.41e-06,5.2e-05,6.83e-05,9.63e-05,6.23e-06,0.000171,177395,116022.134,11991.916,17899.0,656.415,1679.0,12909.844,18911.0,3215.713,4714.0,12842.486,19764.0,0.71509
58,3000,358,3358,8,4,32,L,,22,22_8_4_32_3000_TT_L,/usr/scratch2/vilan2/janniss/outputs/power/22_8_4_32_3000_TT_L-3358-execute,False,False,execute,7.930e-04,1.588e-04,2.515e-03,2.199e-03,1.214e-03,5.378e-05,3.467e-03,5.2e-05,0.000149,5.52e-06,0.000207,2.61e-05,4.71e-05,3.57e-07,7.36e-05,0.00023,0.00032,5.9e-06,0.000556,5.31e-05,6.98e-05,1.47e-06,0.000124,0.000114,0.000208,5.97e-06,0.000328,177395,116022.134,11991.916,17899.0,656.415,1679.0,12909.844,18911.0,3215.713,4714.0,12842.486,19764.0,0.71509
59,3000,358,3358,8,4,32,L,,22,22_8_4_32_3000_TT_L,/usr/scratch2/vilan2/janniss/outputs/power/22_8_4_32_3000_TT_L-3358-write,False,False,write,1.069e-03,5.668e-05,7.214e-04,1.002e-03,7.905e-04,5.402e-05,1.847e-03,2.24e-05,8.68e-05,5.8e-06,0.000115,0.0,0.0,3.62e-07,3.62e-07,0.000185,7.25e-05,5.66e-06,0.000264,4.18e-05,5.76e-06,1.41e-06,4.9e-05,6.42e-05,9.06e-05,6.23e-06,0.000161,177395,116022.134,11991.916,17899.0,656.415,1679.0,12909.844,18911.0,3215.713,4714.0,12842.486,19764.0,0.71509
60,3000,34,3034,8,4,32,L,nominal,22,22_8_4_32_3000_TT_nominal_L,/usr/scratch2/vilan2/janniss/outputs/power/22_8_4_32_3000_TT_nominal_L-3034-execute,True,False,execute,1.311e-03,2.608e-04,4.022e-03,3.593e-03,1.896e-03,1.041e-04,5.593e-03,9e-05,0.000243,1.09e-05,0.000344,2.73e-05,6.34e-05,4.08e-07,9.11e-05,0.000382,0.000521,1.17e-05,0.000914,8.84e-05,0.000109,2.91e-06,0.0002,0.000171,0.000324,1.15e-05,0.000506,177237,114134.026,11984.195,18075.0,449.413,1444.0,12890.143,18897.0,3208.458,4704.0,12610.524,19700.0,0.71274
61,3000,34,3034,8,4,32,L,nominal,22,22_8_4_32_3000_TT_nominal_L,/usr/scratch2/vilan2/janniss/outputs/power/22_8_4_32_3000_TT_nominal_L-3034-write,True,False,write,1.763e-03,1.126e-04,1.248e-03,1.736e-03,1.283e-03,1.056e-04,3.124e-03,3.65e-05,0.000145,1.17e-05,0.000193,0.0,0.0,4.02e-07,4.02e-07,0.000307,0.000123,1.13e-05,0.000442,6.96e-05,1.02e-05,2.81e-06,8.26e-05,0.000103,0.000151,1.22e-05,0.000266,177237,114134.026,11984.195,18075.0,449.413,1444.0,12890.143,18897.0,3208.458,4704.0,12610.524,19700.0,0.71274
62,3000,234,3234,8,4,32,L,nominal,22,22_8_4_32_3000_TT_nominal_L,/usr/scratch2/vilan2/janniss/outputs/power/22_8_4_32_3000_TT_nominal_L-3234-execute,True,False,execute,1.230e-03,2.495e-04,3.774e-03,3.371e-03,1.779e-03,1.041e-04,5.254e-03,8.44e-05,0.000228,1.09e-05,0.000323,2.56e-05,5.95e-05,4.08e-07,8.55e-05,0.000358,0.000489,1.17e-05,0.000858,8.29e-05,0.000102,2.91e-06,0.000188,0.00016,0.000304,1.15e-05,0.000475,177237,114134.026,11984.195,18075.0,449.413,1444.0,12890.143,18897.0,3208.458,4704.0,12610.524,19700.0,0.71274
63,3000,234,3234,8,4,32,L,nominal,22,22_8_4_32_3000_TT_nominal_L,/usr/scratch2/vilan2/janniss/outputs/power/22_8_4_32_3000_TT_nominal_L-3234-write,True,False,write,1.655e-03,1.108e-04,1.172e-03,1.628e-03,1.203e-03,1.056e-04,2.937e-03,3.42e-05,0.000136,1.17e-05,0.000182,0.0,0.0,4.02e-07,4.02e-07,0.000288,0.000115,1.13e-05,0.000415,6.53e-05,9.57e-06,2.81e-06,7.77e-05,9.67e-05,0.000142,1.22e-05,0.00025,177237,114134.026,11984.195,18075.0,449.413,1444.0,12890.143,18897.0,3208.458,4704.0,12610.524,19700.0,0.71274
64,1700,70,1770,8,4,64,SL,,22,22_8_4_64_1700_TT_SL,/usr/scratch2/vilan2/janniss/outputs/power/22_8_4_64_1700_TT_SL-1770-execute,False,False,execute,2.283e-03,1.824e-03,8.971e-03,7.500e-03,3.500e-03,2.077e-03,0.0131,0.000214,0.00055,0.000223,0.000987,4.34e-05,7.89e-05,6.15e-06,0.000128,0.000575,0.001,0.000229,0.00181,0.00013,0.000226,5.68e-05,0.000412,0.000324,0.000655,0.000231,0.00121,341186,224413.23,24084.204,36096.0,625.065,1541.0,24871.808,36755.0,6201.795,9174.0,24898.565,37824.0,0.71872
65,1700,70,1770,8,4,64,SL,,22,22_8_4_64_1700_TT_SL,/usr/scratch2/vilan2/janniss/outputs/power/22_8_4_64_1700_TT_SL-1770-write,False,False,write,2.821e-03,1.737e-03,3.373e-03,3.906e-03,1.923e-03,2.102e-03,7.931e-03,7.15e-05,0.000337,0.000236,0.000644,0.0,0.0,6.04e-06,6.04e-06,0.000402,0.000224,0.00022,0.000846,8.59e-05,2.07e-05,5.46e-05,0.000161,0.000151,0.000344,0.000243,0.000738,341186,224413.23,24084.204,36096.0,625.065,1541.0,24871.808,36755.0,6201.795,9174.0,24898.565,37824.0,0.71872
66,1700,270,1970,8,4,64,SL,,22,22_8_4_64_1700_TT_SL,/usr/scratch2/vilan2/janniss/outputs/power/22_8_4_64_1700_TT_SL-1970-execute,False,False,execute,2.057e-03,1.797e-03,8.106e-03,6.739e-03,3.145e-03,2.077e-03,0.0120,0.000192,0.000494,0.000223,0.000909,3.9e-05,7.09e-05,6.15e-06,0.000116,0.000516,0.0009,0.000229,0.00165,0.000117,0.000203,5.68e-05,0.000376,0.000291,0.000589,0.000231,0.00111,341186,224413.23,24084.204,36096.0,625.065,1541.0,24871.808,36755.0,6201.795,9174.0,24898.565,37824.0,0.71872
67,1700,270,1970,8,4,64,SL,,22,22_8_4_64_1700_TT_SL,/usr/scratch2/vilan2/janniss/outputs/power/22_8_4_64_1700_TT_SL-1970-write,False,False,write,2.541e-03,1.730e-03,3.068e-03,3.510e-03,1.727e-03,2.102e-03,7.340e-03,6.42e-05,0.000302,0.000236,0.000602,0.0,0.0,6.04e-06,6.04e-06,0.000361,0.000202,0.00022,0.000783,7.72e-05,1.86e-05,5.46e-05,0.00015,0.000136,0.000309,0.000243,0.000688,341186,224413.23,24084.204,36096.0,625.065,1541.0,24871.808,36755.0,6201.795,9174.0,24898.565,37824.0,0.71872
68,1700,18,1718,8,4,64,SL,nominal,22,22_8_4_64_1700_TT_nominal_SL,/usr/scratch2/vilan2/janniss/outputs/power/22_8_4_64_1700_TT_nominal_SL-1718-execute,True,False,execute,3.691e-03,3.404e-03,0.0145,0.0116,6.027e-03,3.961e-03,0.0216,0.00043,0.000967,0.00043,0.00183,5.04e-05,0.000102,8.17e-06,0.00016,0.00101,0.00159,0.000443,0.00304,0.00023,0.00035,0.000109,0.000689,0.000581,0.00109,0.000441,0.00211,340039,222144.266,23983.299,36084.0,460.529,1451.0,24894.372,36742.0,6199.598,9159.0,24625.603,37725.0,0.71943
69,1700,18,1718,8,4,64,SL,nominal,22,22_8_4_64_1700_TT_nominal_SL,/usr/scratch2/vilan2/janniss/outputs/power/22_8_4_64_1700_TT_nominal_SL-1718-write,True,False,write,4.554e-03,3.397e-03,5.517e-03,6.112e-03,3.309e-03,4.048e-03,0.0135,0.000166,0.000564,0.000461,0.00119,0.0,0.0,7.91e-06,7.91e-06,0.000663,0.000352,0.000427,0.00144,0.000145,4.86e-05,0.000105,0.000299,0.000291,0.000576,0.000471,0.00134,340039,222144.266,23983.299,36084.0,460.529,1451.0,24894.372,36742.0,6199.598,9159.0,24625.603,37725.0,0.71943
70,1700,218,1918,8,4,64,SL,nominal,22,22_8_4_64_1700_TT_nominal_SL,/usr/scratch2/vilan2/janniss/outputs/power/22_8_4_64_1700_TT_nominal_SL-1918-execute,True,False,execute,3.317e-03,3.367e-03,0.0131,0.0104,5.398e-03,3.961e-03,0.0198,0.000385,0.000866,0.00043,0.00168,4.52e-05,9.12e-05,8.17e-06,0.000144,0.000901,0.00142,0.000443,0.00277,0.000206,0.000314,0.000109,0.000629,0.00052,0.000976,0.000441,0.00194,340039,222144.266,23983.299,36084.0,460.529,1451.0,24894.372,36742.0,6199.598,9159.0,24625.603,37725.0,0.71943
71,1700,218,1918,8,4,64,SL,nominal,22,22_8_4_64_1700_TT_nominal_SL,/usr/scratch2/vilan2/janniss/outputs/power/22_8_4_64_1700_TT_nominal_SL-1918-write,True,False,write,4.091e-03,3.386e-03,5.010e-03,5.474e-03,2.964e-03,4.048e-03,0.0125,0.000149,0.000505,0.000461,0.00111,0.0,0.0,7.91e-06,7.91e-06,0.000594,0.000316,0.000427,0.00134,0.00013,4.35e-05,0.000105,0.000279,0.00026,0.000516,0.000471,0.00125,340039,222144.266,23983.299,36084.0,460.529,1451.0,24894.372,36742.0,6199.598,9159.0,24625.603,37725.0,0.71943
72,1800,50,1850,8,4,64,SL,,22,22_8_4_64_1800_TT_SL,/usr/scratch2/vilan2/janniss/outputs/power/22_8_4_64_1800_TT_SL-1850-execute,False,False,execute,2.015e-03,1.777e-03,8.493e-03,6.946e-03,3.272e-03,2.068e-03,0.0123,0.000213,0.000562,0.000223,0.000998,3.75e-05,7.02e-05,5.56e-06,0.000113,0.000541,0.000941,0.00023,0.00171,0.000129,0.000216,5.71e-05,0.000402,0.000314,0.00066,0.00023,0.0012,340054,223104.66,23965.86,36045.0,564.029,1545.0,24884.721,36800.0,6208.783,9190.0,24717.588,37782.0,0.72021
73,1800,50,1850,8,4,64,SL,,22,22_8_4_64_1800_TT_SL,/usr/scratch2/vilan2/janniss/outputs/power/22_8_4_64_1800_TT_SL-1850-write,False,False,write,2.534e-03,1.733e-03,3.168e-03,3.525e-03,1.817e-03,2.093e-03,7.435e-03,8.06e-05,0.000332,0.000235,0.000648,0.0,0.0,5.5e-06,5.5e-06,0.000373,0.000184,0.000221,0.000778,8.62e-05,3.61e-05,5.49e-05,0.000177,0.000157,0.000339,0.000242,0.000738,340054,223104.66,23965.86,36045.0,564.029,1545.0,24884.721,36800.0,6208.783,9190.0,24717.588,37782.0,0.72021
74,1800,250,2050,8,4,64,SL,,22,22_8_4_64_1800_TT_SL,/usr/scratch2/vilan2/janniss/outputs/power/22_8_4_64_1800_TT_SL-2050-execute,False,False,execute,1.824e-03,1.756e-03,7.708e-03,6.268e-03,2.952e-03,2.068e-03,0.0113,0.000193,0.000507,0.000223,0.000922,3.38e-05,6.33e-05,5.56e-06,0.000103,0.000488,0.000849,0.00023,0.00157,0.000116,0.000195,5.71e-05,0.000368,0.000283,0.000596,0.00023,0.00111,340054,223104.66,23965.86,36045.0,564.029,1545.0,24884.721,36800.0,6208.783,9190.0,24717.588,37782.0,0.72021
75,1800,250,2050,8,4,64,SL,,22,22_8_4_64_1800_TT_SL,/usr/scratch2/vilan2/janniss/outputs/power/22_8_4_64_1800_TT_SL-2050-write,False,False,write,2.292e-03,1.727e-03,2.894e-03,3.181e-03,1.639e-03,2.093e-03,6.913e-03,7.26e-05,0.000299,0.000235,0.000607,0.0,0.0,5.5e-06,5.5e-06,0.000337,0.000166,0.000221,0.000723,7.78e-05,3.25e-05,5.49e-05,0.000165,0.000141,0.000306,0.000242,0.00069,340054,223104.66,23965.86,36045.0,564.029,1545.0,24884.721,36800.0,6208.783,9190.0,24717.588,37782.0,0.72021
76,1800,16,1816,8,4,64,SL,nominal,22,22_8_4_64_1800_TT_nominal_SL,/usr/scratch2/vilan2/janniss/outputs/power/22_8_4_64_1800_TT_nominal_SL-1816-execute,True,False,execute,3.320e-03,3.375e-03,0.0137,0.0108,5.603e-03,3.961e-03,0.0204,0.000394,0.000889,0.000431,0.00171,4.8e-05,9.9e-05,8.1e-06,0.000155,0.000936,0.00152,0.000441,0.0029,0.000217,0.000341,0.000109,0.000668,0.000538,0.00101,0.000442,0.00199,340460,222217.149,23981.967,36113.0,452.475,1450.0,24859.628,36737.0,6198.2,9161.0,24613.955,37749.0,0.7191200000000001
77,1800,16,1816,8,4,64,SL,nominal,22,22_8_4_64_1800_TT_nominal_SL,/usr/scratch2/vilan2/janniss/outputs/power/22_8_4_64_1800_TT_nominal_SL-1816-write,True,False,write,4.139e-03,3.391e-03,5.255e-03,5.659e-03,3.079e-03,4.046e-03,0.0128,0.000148,0.000523,0.000462,0.00113,0.0,0.0,7.83e-06,7.83e-06,0.000613,0.000345,0.000425,0.00138,0.000134,3.04e-05,0.000105,0.00027,0.000267,0.000535,0.000472,0.00127,340460,222217.149,23981.967,36113.0,452.475,1450.0,24859.628,36737.0,6198.2,9161.0,24613.955,37749.0,0.7191200000000001
78,1800,216,2016,8,4,64,SL,nominal,22,22_8_4_64_1800_TT_nominal_SL,/usr/scratch2/vilan2/janniss/outputs/power/22_8_4_64_1800_TT_nominal_SL-2016-execute,True,False,execute,3.002e-03,3.343e-03,0.0124,9.740e-03,5.048e-03,3.961e-03,0.0187,0.000355,0.000801,0.000431,0.00159,4.32e-05,8.92e-05,8.1e-06,0.00014,0.000843,0.00137,0.000441,0.00266,0.000195,0.000308,0.000109,0.000612,0.000484,0.00091,0.000442,0.00184,340460,222217.149,23981.967,36113.0,452.475,1450.0,24859.628,36737.0,6198.2,9161.0,24613.955,37749.0,0.7191200000000001
79,1800,216,2016,8,4,64,SL,nominal,22,22_8_4_64_1800_TT_nominal_SL,/usr/scratch2/vilan2/janniss/outputs/power/22_8_4_64_1800_TT_nominal_SL-2016-write,True,False,write,3.739e-03,3.381e-03,4.798e-03,5.098e-03,2.774e-03,4.046e-03,0.0119,0.000134,0.000471,0.000462,0.00107,0.0,0.0,7.83e-06,7.83e-06,0.000552,0.000311,0.000425,0.00129,0.000121,2.73e-05,0.000105,0.000254,0.00024,0.000482,0.000472,0.00119,340460,222217.149,23981.967,36113.0,452.475,1450.0,24859.628,36737.0,6198.2,9161.0,24613.955,37749.0,0.7191200000000001
80,2900,116,3016,8,4,64,L,,22,22_8_4_64_2900_TT_L,/usr/scratch2/vilan2/janniss/outputs/power/22_8_4_64_2900_TT_L-3016-execute,False,False,execute,1.302e-03,2.149e-04,4.811e-03,4.306e-03,1.918e-03,1.041e-04,6.328e-03,0.000111,0.000324,1.11e-05,0.000446,2.76e-05,5.13e-05,3.75e-07,7.92e-05,0.000315,0.000554,1.15e-05,0.000881,7.34e-05,0.000127,2.86e-06,0.000203,0.000178,0.000385,1.15e-05,0.000575,339252,224598.267,23974.779,35759.0,690.36,1693.0,24970.783,36888.0,6225.49,9184.0,24859.428,37641.0,0.71392
81,2900,116,3016,8,4,64,L,,22,22_8_4_64_2900_TT_L,/usr/scratch2/vilan2/janniss/outputs/power/22_8_4_64_2900_TT_L-3016-write,False,False,write,1.617e-03,1.015e-04,1.629e-03,2.166e-03,1.077e-03,1.048e-04,3.348e-03,3.91e-05,0.000183,1.16e-05,0.000234,0.0,0.0,3.83e-07,3.83e-07,0.000223,0.000111,1.11e-05,0.000345,4.95e-05,1.12e-05,2.75e-06,6.35e-05,8.64e-05,0.000187,1.2e-05,0.000286,339252,224598.267,23974.779,35759.0,690.36,1693.0,24970.783,36888.0,6225.49,9184.0,24859.428,37641.0,0.71392
82,2900,316,3216,8,4,64,L,,22,22_8_4_64_2900_TT_L,/usr/scratch2/vilan2/janniss/outputs/power/22_8_4_64_2900_TT_L-3216-execute,False,False,execute,1.222e-03,2.063e-04,4.513e-03,4.038e-03,1.799e-03,1.041e-04,5.941e-03,0.000104,0.000304,1.11e-05,0.000419,2.59e-05,4.81e-05,3.75e-07,7.43e-05,0.000295,0.00052,1.15e-05,0.000826,6.89e-05,0.000119,2.86e-06,0.000191,0.000167,0.000361,1.15e-05,0.00054,339252,224598.267,23974.779,35759.0,690.36,1693.0,24970.783,36888.0,6225.49,9184.0,24859.428,37641.0,0.71392
83,2900,316,3216,8,4,64,L,,22,22_8_4_64_2900_TT_L,/usr/scratch2/vilan2/janniss/outputs/power/22_8_4_64_2900_TT_L-3216-write,False,False,write,1.517e-03,1.003e-04,1.529e-03,2.031e-03,1.010e-03,1.048e-04,3.146e-03,3.67e-05,0.000171,1.16e-05,0.00022,0.0,0.0,3.83e-07,3.83e-07,0.00021,0.000104,1.11e-05,0.000324,4.64e-05,1.05e-05,2.75e-06,5.97e-05,8.11e-05,0.000176,1.2e-05,0.000269,339252,224598.267,23974.779,35759.0,690.36,1693.0,24970.783,36888.0,6225.49,9184.0,24859.428,37641.0,0.71392
84,2900,6,2906,8,4,64,L,nominal,22,22_8_4_64_2900_TT_nominal_L,/usr/scratch2/vilan2/janniss/outputs/power/22_8_4_64_2900_TT_nominal_L-2906-execute,True,False,execute,1.932e-03,3.412e-04,7.351e-03,6.577e-03,2.844e-03,2.029e-04,9.625e-03,0.000189,0.000515,2.2e-05,0.000726,2.69e-05,5.7e-05,4.1e-07,8.43e-05,0.000495,0.000904,2.27e-05,0.00142,0.000117,0.000222,5.63e-06,0.000345,0.000271,0.000586,2.26e-05,0.00088,339369,222017.403,23952.548,36120.0,459.464,1468.0,24877.466,36732.0,6205.522,9170.0,24592.323,37778.0,0.7175199999999999
85,2900,6,2906,8,4,64,L,nominal,22,22_8_4_64_2900_TT_nominal_L,/usr/scratch2/vilan2/janniss/outputs/power/22_8_4_64_2900_TT_nominal_L-2906-write,True,False,write,2.415e-03,2.028e-04,2.646e-03,3.406e-03,1.652e-03,2.063e-04,5.264e-03,7.17e-05,0.000311,2.34e-05,0.000406,0.0,0.0,4.01e-07,4.01e-07,0.000353,0.000194,2.19e-05,0.000569,8.13e-05,3.36e-05,5.43e-06,0.00012,0.000142,0.000318,2.39e-05,0.000484,339369,222017.403,23952.548,36120.0,459.464,1468.0,24877.466,36732.0,6205.522,9170.0,24592.323,37778.0,0.7175199999999999
86,2900,206,3106,8,4,64,L,nominal,22,22_8_4_64_2900_TT_nominal_L,/usr/scratch2/vilan2/janniss/outputs/power/22_8_4_64_2900_TT_nominal_L-3106-execute,True,False,execute,1.808e-03,3.292e-04,6.881e-03,6.154e-03,2.661e-03,2.029e-04,9.018e-03,0.000177,0.000482,2.2e-05,0.000681,2.51e-05,5.33e-05,4.1e-07,7.89e-05,0.000463,0.000846,2.27e-05,0.00133,0.00011,0.000208,5.63e-06,0.000323,0.000254,0.000549,2.26e-05,0.000825,339369,222017.403,23952.548,36120.0,459.464,1468.0,24877.466,36732.0,6205.522,9170.0,24592.323,37778.0,0.7175199999999999
87,2900,206,3106,8,4,64,L,nominal,22,22_8_4_64_2900_TT_nominal_L,/usr/scratch2/vilan2/janniss/outputs/power/22_8_4_64_2900_TT_nominal_L-3106-write,True,False,write,2.260e-03,2.004e-04,2.478e-03,3.187e-03,1.546e-03,2.063e-04,4.939e-03,6.71e-05,0.000291,2.34e-05,0.000382,0.0,0.0,4.01e-07,4.01e-07,0.00033,0.000182,2.19e-05,0.000534,7.6e-05,3.14e-05,5.43e-06,0.000113,0.000133,0.000297,2.39e-05,0.000454,339369,222017.403,23952.548,36120.0,459.464,1468.0,24877.466,36732.0,6205.522,9170.0,24592.323,37778.0,0.7175199999999999
88,3000,180,3180,8,4,64,L,,22,22_8_4_64_3000_TT_L,/usr/scratch2/vilan2/janniss/outputs/power/22_8_4_64_3000_TT_L-3180-execute,False,False,execute,1.089e-03,2.083e-04,4.524e-03,3.949e-03,1.768e-03,1.037e-04,5.821e-03,0.000105,0.0003,1.11e-05,0.000416,2.55e-05,4.97e-05,3.63e-07,7.55e-05,0.000297,0.000522,1.15e-05,0.00083,6.98e-05,0.000124,2.86e-06,0.000197,0.000167,0.000366,1.15e-05,0.000544,338923,224045.153,23966.592,35758.0,635.515,1641.0,24953.477,36831.0,6231.547,9198.0,24798.392,37588.0,0.7137600000000001
89,3000,180,3180,8,4,64,L,,22,22_8_4_64_3000_TT_L,/usr/scratch2/vilan2/janniss/outputs/power/22_8_4_64_3000_TT_L-3180-write,False,False,write,1.392e-03,1.008e-04,1.551e-03,1.937e-03,1.003e-03,1.043e-04,3.044e-03,3.72e-05,0.000168,1.16e-05,0.000217,0.0,0.0,3.71e-07,3.71e-07,0.000212,0.000102,1.1e-05,0.000325,4.72e-05,1.06e-05,2.75e-06,6.06e-05,8.24e-05,0.000172,1.2e-05,0.000267,338923,224045.153,23966.592,35758.0,635.515,1641.0,24953.477,36831.0,6231.547,9198.0,24798.392,37588.0,0.7137600000000001
90,3000,380,3380,8,4,64,L,,22,22_8_4_64_3000_TT_L,/usr/scratch2/vilan2/janniss/outputs/power/22_8_4_64_3000_TT_L-3380-execute,False,False,execute,1.024e-03,2.006e-04,4.257e-03,3.715e-03,1.663e-03,1.037e-04,5.482e-03,9.84e-05,0.000282,1.11e-05,0.000392,2.4e-05,4.67e-05,3.63e-07,7.1e-05,0.000279,0.000491,1.15e-05,0.000782,6.57e-05,0.000117,2.86e-06,0.000186,0.000157,0.000344,1.15e-05,0.000513,338923,224045.153,23966.592,35758.0,635.515,1641.0,24953.477,36831.0,6231.547,9198.0,24798.392,37588.0,0.7137600000000001
91,3000,380,3380,8,4,64,L,,22,22_8_4_64_3000_TT_L,/usr/scratch2/vilan2/janniss/outputs/power/22_8_4_64_3000_TT_L-3380-write,False,False,write,1.310e-03,9.965e-05,1.460e-03,1.822e-03,9.433e-04,1.043e-04,2.870e-03,3.5e-05,0.000158,1.16e-05,0.000204,0.0,0.0,3.71e-07,3.71e-07,0.000199,9.57e-05,1.1e-05,0.000306,4.44e-05,9.97e-06,2.75e-06,5.72e-05,7.75e-05,0.000162,1.2e-05,0.000252,338923,224045.153,23966.592,35758.0,635.515,1641.0,24953.477,36831.0,6231.547,9198.0,24798.392,37588.0,0.7137600000000001
92,3000,6,3006,8,4,64,L,nominal,22,22_8_4_64_3000_TT_nominal_L,/usr/scratch2/vilan2/janniss/outputs/power/22_8_4_64_3000_TT_nominal_L-3006-execute,True,False,execute,1.731e-03,3.349e-04,7.089e-03,6.240e-03,2.712e-03,2.028e-04,9.155e-03,0.000174,0.000497,2.2e-05,0.000693,2.55e-05,5.35e-05,4e-07,7.95e-05,0.000485,0.000899,2.27e-05,0.00141,0.000111,0.000201,5.62e-06,0.000317,0.000254,0.000561,2.25e-05,0.000837,339011,221915.633,23953.413,36007.0,447.217,1444.0,24876.467,36736.0,6201.462,9166.0,24580.342,37638.0,0.71801
93,3000,6,3006,8,4,64,L,nominal,22,22_8_4_64_3000_TT_nominal_L,/usr/scratch2/vilan2/janniss/outputs/power/22_8_4_64_3000_TT_nominal_L-3006-write,True,False,write,2.199e-03,2.031e-04,2.568e-03,3.189e-03,1.575e-03,2.063e-04,4.970e-03,5.81e-05,0.000282,2.34e-05,0.000364,0.0,0.0,3.92e-07,3.92e-07,0.000349,0.000198,2.19e-05,0.000568,7.67e-05,1.73e-05,5.42e-06,9.94e-05,0.000126,0.000289,2.39e-05,0.000439,339011,221915.633,23953.413,36007.0,447.217,1444.0,24876.467,36736.0,6201.462,9166.0,24580.342,37638.0,0.71801
94,3000,206,3206,8,4,64,L,nominal,22,22_8_4_64_3000_TT_nominal_L,/usr/scratch2/vilan2/janniss/outputs/power/22_8_4_64_3000_TT_nominal_L-3206-execute,True,False,execute,1.624e-03,3.237e-04,6.649e-03,5.851e-03,2.543e-03,2.028e-04,8.597e-03,0.000163,0.000466,2.2e-05,0.000652,2.4e-05,5.02e-05,4e-07,7.45e-05,0.000454,0.000843,2.27e-05,0.00132,0.000104,0.000188,5.62e-06,0.000298,0.000238,0.000526,2.25e-05,0.000786,339011,221915.633,23953.413,36007.0,447.217,1444.0,24876.467,36736.0,6201.462,9166.0,24580.342,37638.0,0.71801
95,3000,206,3206,8,4,64,L,nominal,22,22_8_4_64_3000_TT_nominal_L,/usr/scratch2/vilan2/janniss/outputs/power/22_8_4_64_3000_TT_nominal_L-3206-write,True,False,write,2.063e-03,2.008e-04,2.410e-03,2.990e-03,1.477e-03,2.063e-04,4.673e-03,5.45e-05,0.000265,2.34e-05,0.000343,0.0,0.0,3.92e-07,3.92e-07,0.000327,0.000186,2.19e-05,0.000534,7.19e-05,1.62e-05,5.42e-06,9.35e-05,0.000118,0.000271,2.39e-05,0.000413,339011,221915.633,23953.413,36007.0,447.217,1444.0,24876.467,36736.0,6201.462,9166.0,24580.342,37638.0,0.71801
96,1400,0,1400,8,4,16,SL,,7,7_8_4_16_1400_TT_SL,/usr/scratch2/vilan2/janniss/outputs/power/7_8_4_16_1400_TT_SL-1400-execute,False,False,execute,2.455e-03,1.071e-03,0.0173,9.254e-03,9.309e-03,2.241e-03,0.0208,,,,,,,,,,,,,,,,,,,,,149400,20593.5801,,,,,,,,,,,0.4476
97,1400,0,1400,8,4,16,SL,,7,7_8_4_16_1400_TT_SL,/usr/scratch2/vilan2/janniss/outputs/power/7_8_4_16_1400_TT_SL-1400-write,False,False,write,2.736e-03,8.200e-04,2.630e-03,1.423e-03,2.556e-03,2.208e-03,6.186e-03,,,,,,,,,,,,,,,,,,,,,149400,20593.5801,,,,,,,,,,,0.4476
98,1400,200,1600,8,4,16,SL,,7,7_8_4_16_1400_TT_SL,/usr/scratch2/vilan2/janniss/outputs/power/7_8_4_16_1400_TT_SL-1600-execute,False,False,execute,2.179e-03,1.026e-03,0.0153,8.097e-03,8.145e-03,2.241e-03,0.0185,,,,,,,,,,,,,,,,,,,,,149400,20593.5801,,,,,,,,,,,0.4476
99,1400,200,1600,8,4,16,SL,,7,7_8_4_16_1400_TT_SL,/usr/scratch2/vilan2/janniss/outputs/power/7_8_4_16_1400_TT_SL-1600-write,False,False,write,2.424e-03,8.102e-04,2.454e-03,1.245e-03,2.236e-03,2.208e-03,5.689e-03,,,,,,,,,,,,,,,,,,,,,149400,20593.5801,,,,,,,,,,,0.4476
100,1500,0,1500,8,4,16,SL,,7,7_8_4_16_1500_TT_SL,/usr/scratch2/vilan2/janniss/outputs/power/7_8_4_16_1500_TT_SL-1500-execute,False,False,execute,2.378e-03,1.044e-03,0.0160,8.594e-03,8.637e-03,2.234e-03,0.0195,,,,,,,,,,,,,,,,,,,,,149288,20568.9102,,,,,,,,,,,0.4471
101,1500,0,1500,8,4,16,SL,,7,7_8_4_16_1500_TT_SL,/usr/scratch2/vilan2/janniss/outputs/power/7_8_4_16_1500_TT_SL-1500-write,False,False,write,2.638e-03,8.144e-04,2.532e-03,1.346e-03,2.439e-03,2.200e-03,5.985e-03,,,,,,,,,,,,,,,,,,,,,149288,20568.9102,,,,,,,,,,,0.4471
102,1500,200,1700,8,4,16,SL,,7,7_8_4_16_1500_TT_SL,/usr/scratch2/vilan2/janniss/outputs/power/7_8_4_16_1500_TT_SL-1700-execute,False,False,execute,2.127e-03,1.005e-03,0.0143,7.583e-03,7.621e-03,2.234e-03,0.0174,,,,,,,,,,,,,,,,,,,,,149288,20568.9102,,,,,,,,,,,0.4471
103,1500,200,1700,8,4,16,SL,,7,7_8_4_16_1500_TT_SL,/usr/scratch2/vilan2/janniss/outputs/power/7_8_4_16_1500_TT_SL-1700-write,False,False,write,2.357e-03,8.058e-04,2.377e-03,1.188e-03,2.152e-03,2.200e-03,5.539e-03,,,,,,,,,,,,,,,,,,,,,149288,20568.9102,,,,,,,,,,,0.4471
104,1600,0,1600,8,4,16,L,,7,7_8_4_16_1600_TT_L,/usr/scratch2/vilan2/janniss/outputs/power/7_8_4_16_1600_TT_L-1600-execute,False,False,execute,1.721e-03,3.387e-04,0.0114,7.878e-03,5.367e-03,2.209e-04,0.0135,,,,,,,,,,,,,,,,,,,,,149040,20563.1953,,,,,,,,,,,0.4472
105,1600,0,1600,8,4,16,L,,7,7_8_4_16_1600_TT_L,/usr/scratch2/vilan2/janniss/outputs/power/7_8_4_16_1600_TT_L-1600-write,False,False,write,1.917e-03,1.226e-04,1.137e-03,1.254e-03,1.706e-03,2.170e-04,3.177e-03,,,,,,,,,,,,,,,,,,,,,149040,20563.1953,,,,,,,,,,,0.4472
106,1600,200,1800,8,4,16,L,,7,7_8_4_16_1600_TT_L,/usr/scratch2/vilan2/janniss/outputs/power/7_8_4_16_1600_TT_L-1800-execute,False,False,execute,1.532e-03,3.089e-04,0.0102,7.003e-03,4.771e-03,2.209e-04,0.0120,,,,,,,,,,,,,,,,,,,,,149040,20563.1953,,,,,,,,,,,0.4472
107,1600,200,1800,8,4,16,L,,7,7_8_4_16_1600_TT_L,/usr/scratch2/vilan2/janniss/outputs/power/7_8_4_16_1600_TT_L-1800-write,False,False,write,1.706e-03,1.171e-04,1.024e-03,1.114e-03,1.516e-03,2.170e-04,2.847e-03,,,,,,,,,,,,,,,,,,,,,149040,20563.1953,,,,,,,,,,,0.4472
108,2000,0,2000,8,4,16,SL,ssg,7,7_8_4_16_2000_TT_ssg_SL,/usr/scratch2/vilan2/janniss/outputs/power/7_8_4_16_2000_TT_ssg_SL-2000-execute,False,True,execute,3.420e-03,4.586e-03,0.0181,5.093e-03,6.802e-03,0.0142,0.0261,,,,,,,,,,,,,,,,,,,,,148998,20705.627,,,,,,,,,,,0.4536
109,2000,0,2000,8,4,16,SL,ssg,7,7_8_4_16_2000_TT_ssg_SL,/usr/scratch2/vilan2/janniss/outputs/power/7_8_4_16_2000_TT_ssg_SL-2000-write,False,True,write,3.600e-03,4.657e-03,8.776e-03,8.723e-04,2.111e-03,0.0140,0.0170,,,,,,,,,,,,,,,,,,,,,148998,20705.627,,,,,,,,,,,0.4536
110,2000,200,2200,8,4,16,SL,ssg,7,7_8_4_16_2000_TT_ssg_SL,/usr/scratch2/vilan2/janniss/outputs/power/7_8_4_16_2000_TT_ssg_SL-2200-execute,False,True,execute,3.262e-03,4.566e-03,0.0172,4.630e-03,6.184e-03,0.0142,0.0250,,,,,,,,,,,,,,,,,,,,,148998,20705.627,,,,,,,,,,,0.4536
111,2000,200,2200,8,4,16,SL,ssg,7,7_8_4_16_2000_TT_ssg_SL,/usr/scratch2/vilan2/janniss/outputs/power/7_8_4_16_2000_TT_ssg_SL-2200-write,False,True,write,3.426e-03,4.646e-03,8.689e-03,7.930e-04,1.919e-03,0.0140,0.0168,,,,,,,,,,,,,,,,,,,,,148998,20705.627,,,,,,,,,,,0.4536
112,2100,48,2148,8,4,16,L,ssg,7,7_8_4_16_2100_TT_ssg_L,/usr/scratch2/vilan2/janniss/outputs/power/7_8_4_16_2100_TT_ssg_L-2148-execute,False,True,execute,1.475e-03,8.360e-04,9.011e-03,4.888e-03,4.134e-03,2.301e-03,0.0113,,,,,,,,,,,,,,,,,,,,,151010,21077.8105,,,,,,,,,,,0.457
113,2100,48,2148,8,4,16,L,ssg,7,7_8_4_16_2100_TT_ssg_L,/usr/scratch2/vilan2/janniss/outputs/power/7_8_4_16_2100_TT_ssg_L-2148-write,False,True,write,1.596e-03,7.483e-04,1.995e-03,7.791e-04,1.280e-03,2.280e-03,4.339e-03,,,,,,,,,,,,,,,,,,,,,151010,21077.8105,,,,,,,,,,,0.457
114,2100,248,2348,8,4,16,L,ssg,7,7_8_4_16_2100_TT_ssg_L,/usr/scratch2/vilan2/janniss/outputs/power/7_8_4_16_2100_TT_ssg_L-2348-execute,False,True,execute,1.372e-03,8.229e-04,8.359e-03,4.471e-03,3.782e-03,2.301e-03,0.0106,,,,,,,,,,,,,,,,,,,,,151010,21077.8105,,,,,,,,,,,0.457
115,2100,248,2348,8,4,16,L,ssg,7,7_8_4_16_2100_TT_ssg_L,/usr/scratch2/vilan2/janniss/outputs/power/7_8_4_16_2100_TT_ssg_L-2348-write,False,True,write,1.482e-03,7.448e-04,1.937e-03,7.127e-04,1.171e-03,2.280e-03,4.164e-03,,,,,,,,,,,,,,,,,,,,,151010,21077.8105,,,,,,,,,,,0.457
116,2100,0,2100,8,4,16,SL,ssg,7,7_8_4_16_2100_TT_ssg_SL,/usr/scratch2/vilan2/janniss/outputs/power/7_8_4_16_2100_TT_ssg_SL-2100-execute,False,True,execute,3.352e-03,4.577e-03,0.0175,4.806e-03,6.450e-03,0.0141,0.0254,,,,,,,,,,,,,,,,,,,,,148792,20682.168,,,,,,,,,,,0.4531
117,2100,0,2100,8,4,16,SL,ssg,7,7_8_4_16_2100_TT_ssg_SL,/usr/scratch2/vilan2/janniss/outputs/power/7_8_4_16_2100_TT_ssg_SL-2100-write,False,True,write,3.522e-03,4.651e-03,8.682e-03,8.286e-04,2.026e-03,0.0140,0.0169,,,,,,,,,,,,,,,,,,,,,148792,20682.168,,,,,,,,,,,0.4531
118,2100,200,2300,8,4,16,SL,ssg,7,7_8_4_16_2100_TT_ssg_SL,/usr/scratch2/vilan2/janniss/outputs/power/7_8_4_16_2100_TT_ssg_SL-2300-execute,False,True,execute,3.207e-03,4.559e-03,0.0166,4.388e-03,5.890e-03,0.0141,0.0244,,,,,,,,,,,,,,,,,,,,,148792,20682.168,,,,,,,,,,,0.4531
119,2100,200,2300,8,4,16,SL,ssg,7,7_8_4_16_2100_TT_ssg_SL,/usr/scratch2/vilan2/janniss/outputs/power/7_8_4_16_2100_TT_ssg_SL-2300-write,False,True,write,3.364e-03,4.641e-03,8.604e-03,7.570e-04,1.850e-03,0.0140,0.0166,,,,,,,,,,,,,,,,,,,,,148792,20682.168,,,,,,,,,,,0.4531
120,2200,0,2200,8,4,16,L,ssg,7,7_8_4_16_2200_TT_ssg_L,/usr/scratch2/vilan2/janniss/outputs/power/7_8_4_16_2200_TT_ssg_L-2200-execute,False,True,execute,1.447e-03,8.335e-04,8.813e-03,4.778e-03,4.011e-03,2.305e-03,0.0111,,,,,,,,,,,,,,,,,,,,,150931,21088.0742,,,,,,,,,,,0.4572
121,2200,0,2200,8,4,16,L,ssg,7,7_8_4_16_2200_TT_ssg_L,/usr/scratch2/vilan2/janniss/outputs/power/7_8_4_16_2200_TT_ssg_L-2200-write,False,True,write,1.564e-03,7.472e-04,2.009e-03,7.660e-04,1.271e-03,2.283e-03,4.320e-03,,,,,,,,,,,,,,,,,,,,,150931,21088.0742,,,,,,,,,,,0.4572
122,2200,200,2400,8,4,16,L,ssg,7,7_8_4_16_2200_TT_ssg_L,/usr/scratch2/vilan2/janniss/outputs/power/7_8_4_16_2200_TT_ssg_L-2400-execute,False,True,execute,1.348e-03,8.209e-04,8.192e-03,4.379e-03,3.677e-03,2.305e-03,0.0104,,,,,,,,,,,,,,,,,,,,,150931,21088.0742,,,,,,,,,,,0.4572
123,2200,200,2400,8,4,16,L,ssg,7,7_8_4_16_2200_TT_ssg_L,/usr/scratch2/vilan2/janniss/outputs/power/7_8_4_16_2200_TT_ssg_L-2400-write,False,True,write,1.456e-03,7.439e-04,1.950e-03,7.021e-04,1.165e-03,2.283e-03,4.150e-03,,,,,,,,,,,,,,,,,,,,,150931,21088.0742,,,,,,,,,,,0.4572
124,1400,200,1600,8,4,32,SL,,7,7_8_4_32_1400_TT_SL,/usr/scratch2/vilan2/janniss/outputs/power/7_8_4_32_1400_TT_SL-1600-execute,False,False,execute,3.266e-03,1.734e-03,0.0345,0.0193,0.0158,4.377e-03,0.0395,,,,,,,,,,,,,,,,,,,,,298815,42097.1992,,,,,,,,,,,0.4442
125,1400,200,1600,8,4,32,SL,,7,7_8_4_32_1400_TT_SL,/usr/scratch2/vilan2/janniss/outputs/power/7_8_4_32_1400_TT_SL-1600-write,False,False,write,3.524e-03,1.538e-03,4.627e-03,2.149e-03,3.216e-03,4.323e-03,9.688e-03,,,,,,,,,,,,,,,,,,,,,298815,42097.1992,,,,,,,,,,,0.4442
126,1400,400,1800,8,4,32,SL,,7,7_8_4_32_1400_TT_SL,/usr/scratch2/vilan2/janniss/outputs/power/7_8_4_32_1400_TT_SL-1800-execute,False,False,execute,2.957e-03,1.695e-03,0.0309,0.0171,0.0141,4.377e-03,0.0356,,,,,,,,,,,,,,,,,,,,,298815,42097.1992,,,,,,,,,,,0.4442
127,1400,400,1800,8,4,32,SL,,7,7_8_4_32_1400_TT_SL,/usr/scratch2/vilan2/janniss/outputs/power/7_8_4_32_1400_TT_SL-1800-write,False,False,write,3.187e-03,1.528e-03,4.378e-03,1.910e-03,2.859e-03,4.323e-03,9.092e-03,,,,,,,,,,,,,,,,,,,,,298815,42097.1992,,,,,,,,,,,0.4442
128,1600,182,1782,8,4,32,L,,7,7_8_4_32_1600_TT_L,/usr/scratch2/vilan2/janniss/outputs/power/7_8_4_32_1600_TT_L-1782-execute,False,False,execute,3.091e-03,4.142e-04,0.0235,0.0177,8.925e-03,4.322e-04,0.0270,,,,,,,,,,,,,,,,,,,,,299814,42192.7695,,,,,,,,,,,0.4405
129,1600,182,1782,8,4,32,L,,7,7_8_4_32_1600_TT_L,/usr/scratch2/vilan2/janniss/outputs/power/7_8_4_32_1600_TT_L-1782-write,False,False,write,3.257e-03,2.074e-04,1.880e-03,2.944e-03,1.974e-03,4.262e-04,5.344e-03,,,,,,,,,,,,,,,,,,,,,299814,42192.7695,,,,,,,,,,,0.4405
130,1600,382,1982,8,4,32,L,,7,7_8_4_32_1600_TT_L,/usr/scratch2/vilan2/janniss/outputs/power/7_8_4_32_1600_TT_L-1982-execute,False,False,execute,2.783e-03,3.871e-04,0.0212,0.0159,8.025e-03,4.322e-04,0.0244,,,,,,,,,,,,,,,,,,,,,299814,42192.7695,,,,,,,,,,,0.4405
131,1600,382,1982,8,4,32,L,,7,7_8_4_32_1600_TT_L,/usr/scratch2/vilan2/janniss/outputs/power/7_8_4_32_1600_TT_L-1982-write,False,False,write,2.932e-03,2.018e-04,1.714e-03,2.647e-03,1.775e-03,4.262e-04,4.848e-03,,,,,,,,,,,,,,,,,,,,,299814,42192.7695,,,,,,,,,,,0.4405
132,1600,204,1804,8,4,32,SL,,7,7_8_4_32_1600_TT_SL,/usr/scratch2/vilan2/janniss/outputs/power/7_8_4_32_1600_TT_SL-1804-execute,False,False,execute,3.786e-03,1.765e-03,0.0305,0.0180,0.0138,4.313e-03,0.0360,,,,,,,,,,,,,,,,,,,,,297811,42097.3438,,,,,,,,,,,0.4371
133,1600,204,1804,8,4,32,SL,,7,7_8_4_32_1600_TT_SL,/usr/scratch2/vilan2/janniss/outputs/power/7_8_4_32_1600_TT_SL-1804-write,False,False,write,3.982e-03,1.627e-03,4.229e-03,2.911e-03,2.684e-03,4.243e-03,9.839e-03,,,,,,,,,,,,,,,,,,,,,297811,42097.3438,,,,,,,,,,,0.4371
134,1600,404,2004,8,4,32,SL,,7,7_8_4_32_1600_TT_SL,/usr/scratch2/vilan2/janniss/outputs/power/7_8_4_32_1600_TT_SL-2004-execute,False,False,execute,3.446e-03,1.736e-03,0.0277,0.0162,0.0124,4.313e-03,0.0329,,,,,,,,,,,,,,,,,,,,,297811,42097.3438,,,,,,,,,,,0.4371
135,1600,404,2004,8,4,32,SL,,7,7_8_4_32_1600_TT_SL,/usr/scratch2/vilan2/janniss/outputs/power/7_8_4_32_1600_TT_SL-2004-write,False,False,write,3.624e-03,1.618e-03,4.039e-03,2.621e-03,2.417e-03,4.243e-03,9.281e-03,,,,,,,,,,,,,,,,,,,,,297811,42097.3438,,,,,,,,,,,0.4371
136,1400,440,1840,8,4,64,SL,,7,7_8_4_64_1400_TT_SL,/usr/scratch2/vilan2/janniss/outputs/power/7_8_4_64_1400_TT_SL-1840-execute,False,False,execute,3.527e-03,3.032e-03,0.0479,0.0252,0.0212,8.016e-03,0.0545,,,,,,,,,,,,,,,,,,,,,526270,73253.0234,,,,,,,,,,,0.4422
137,1400,440,1840,8,4,64,SL,,7,7_8_4_64_1400_TT_SL,/usr/scratch2/vilan2/janniss/outputs/power/7_8_4_64_1400_TT_SL-1840-write,False,False,write,3.749e-03,2.975e-03,7.859e-03,3.034e-03,3.646e-03,7.904e-03,0.0146,,,,,,,,,,,,,,,,,,,,,526270,73253.0234,,,,,,,,,,,0.4422
138,1400,640,2040,8,4,64,SL,,7,7_8_4_64_1400_TT_SL,/usr/scratch2/vilan2/janniss/outputs/power/7_8_4_64_1400_TT_SL-2040-execute,False,False,execute,3.275e-03,3.002e-03,0.0436,0.0227,0.0192,8.016e-03,0.0499,,,,,,,,,,,,,,,,,,,,,526270,73253.0234,,,,,,,,,,,0.4422
139,1400,640,2040,8,4,64,SL,,7,7_8_4_64_1400_TT_SL,/usr/scratch2/vilan2/janniss/outputs/power/7_8_4_64_1400_TT_SL-2040-write,False,False,write,3.476e-03,2.963e-03,7.490e-03,2.736e-03,3.288e-03,7.904e-03,0.0139,,,,,,,,,,,,,,,,,,,,,526270,73253.0234,,,,,,,,,,,0.4422
140,1500,458,1958,8,4,64,L,,7,7_8_4_64_1500_TT_L,/usr/scratch2/vilan2/janniss/outputs/power/7_8_4_64_1500_TT_L-1958-execute,False,False,execute,4.891e-03,5.311e-04,0.0332,0.0246,0.0133,7.981e-04,0.0386,,,,,,,,,,,,,,,,,,,,,527026,73356.7344,,,,,,,,,,,0.441
141,1500,458,1958,8,4,64,L,,7,7_8_4_64_1500_TT_L,/usr/scratch2/vilan2/janniss/outputs/power/7_8_4_64_1500_TT_L-1958-write,False,False,write,5.041e-03,3.619e-04,3.238e-03,4.996e-03,2.857e-03,7.875e-04,8.641e-03,,,,,,,,,,,,,,,,,,,,,527026,73356.7344,,,,,,,,,,,0.441
142,1500,658,2158,8,4,64,L,,7,7_8_4_64_1500_TT_L,/usr/scratch2/vilan2/janniss/outputs/power/7_8_4_64_1500_TT_L-2158-execute,False,False,execute,4.444e-03,5.085e-04,0.0302,0.0223,0.0120,7.981e-04,0.0351,,,,,,,,,,,,,,,,,,,,,527026,73356.7344,,,,,,,,,,,0.441
143,1500,658,2158,8,4,64,L,,7,7_8_4_64_1500_TT_L,/usr/scratch2/vilan2/janniss/outputs/power/7_8_4_64_1500_TT_L-2158-write,False,False,write,4.581e-03,3.561e-04,2.976e-03,4.533e-03,2.593e-03,7.875e-04,7.913e-03,,,,,,,,,,,,,,,,,,,,,527026,73356.7344,,,,,,,,,,,0.441
144,1500,246,1746,8,4,64,SL,,7,7_8_4_64_1500_TT_SL,/usr/scratch2/vilan2/janniss/outputs/power/7_8_4_64_1500_TT_SL-1746-execute,False,False,execute,7.035e-03,3.211e-03,0.0505,0.0293,0.0234,8.050e-03,0.0608,,,,,,,,,,,,,,,,,,,,,530339,73482.6641,,,,,,,,,,,0.4384
145,1500,246,1746,8,4,64,SL,,7,7_8_4_64_1500_TT_SL,/usr/scratch2/vilan2/janniss/outputs/power/7_8_4_64_1500_TT_SL-1746-write,False,False,write,7.241e-03,3.169e-03,8.029e-03,5.779e-03,4.707e-03,7.953e-03,0.0184,,,,,,,,,,,,,,,,,,,,,530339,73482.6641,,,,,,,,,,,0.4384
146,1500,446,1946,8,4,64,SL,,7,7_8_4_64_1500_TT_SL,/usr/scratch2/vilan2/janniss/outputs/power/7_8_4_64_1500_TT_SL-1946-execute,False,False,execute,6.391e-03,3.181e-03,0.0458,0.0263,0.0210,8.050e-03,0.0553,,,,,,,,,,,,,,,,,,,,,530339,73482.6641,,,,,,,,,,,0.4384
147,1500,446,1946,8,4,64,SL,,7,7_8_4_64_1500_TT_SL,/usr/scratch2/vilan2/janniss/outputs/power/7_8_4_64_1500_TT_SL-1946-write,False,False,write,6.576e-03,3.156e-03,7.629e-03,5.185e-03,4.223e-03,7.953e-03,0.0174,,,,,,,,,,,,,,,,,,,,,530339,73482.6641,,,,,,,,,,,0.4384
148,1600,246,1846,8,4,64,L,,7,7_8_4_64_1600_TT_L,/usr/scratch2/vilan2/janniss/outputs/power/7_8_4_64_1600_TT_L-1846-execute,False,False,execute,5.194e-03,5.482e-04,0.0351,0.0260,0.0140,7.975e-04,0.0408,,,,,,,,,,,,,,,,,,,,,526594,73325.8125,,,,,,,,,,,0.4408
149,1600,246,1846,8,4,64,L,,7,7_8_4_64_1600_TT_L,/usr/scratch2/vilan2/janniss/outputs/power/7_8_4_64_1600_TT_L-1846-write,False,False,write,5.354e-03,3.655e-04,3.398e-03,5.301e-03,3.029e-03,7.869e-04,9.117e-03,,,,,,,,,,,,,,,,,,,,,526594,73325.8125,,,,,,,,,,,0.4408
150,1600,446,2046,8,4,64,L,,7,7_8_4_64_1600_TT_L,/usr/scratch2/vilan2/janniss/outputs/power/7_8_4_64_1600_TT_L-2046-execute,False,False,execute,4.693e-03,5.227e-04,0.0317,0.0235,0.0126,7.975e-04,0.0369,,,,,,,,,,,,,,,,,,,,,526594,73325.8125,,,,,,,,,,,0.4408
151,1600,446,2046,8,4,64,L,,7,7_8_4_64_1600_TT_L,/usr/scratch2/vilan2/janniss/outputs/power/7_8_4_64_1600_TT_L-2046-write,False,False,write,4.838e-03,3.590e-04,3.106e-03,4.783e-03,2.733e-03,7.869e-04,8.303e-03,,,,,,,,,,,,,,,,,,,,,526594,73325.8125,,,,,,,,,,,0.4408
152,1600,370,1970,8,4,64,SL,,7,7_8_4_64_1600_TT_SL,/usr/scratch2/vilan2/janniss/outputs/power/7_8_4_64_1600_TT_SL-1970-execute,False,False,execute,6.352e-03,3.189e-03,0.0450,0.0258,0.0207,8.032e-03,0.0545,,,,,,,,,,,,,,,,,,,,,529895,73414.5156,,,,,,,,,,,0.438
153,1600,370,1970,8,4,64,SL,,7,7_8_4_64_1600_TT_SL,/usr/scratch2/vilan2/janniss/outputs/power/7_8_4_64_1600_TT_SL-1970-write,False,False,write,6.534e-03,3.154e-03,7.532e-03,5.100e-03,4.184e-03,7.936e-03,0.0172,,,,,,,,,,,,,,,,,,,,,529895,73414.5156,,,,,,,,,,,0.438
154,1600,570,2170,8,4,64,SL,,7,7_8_4_64_1600_TT_SL,/usr/scratch2/vilan2/janniss/outputs/power/7_8_4_64_1600_TT_SL-2170-execute,False,False,execute,5.838e-03,3.163e-03,0.0412,0.0234,0.0188,8.032e-03,0.0502,,,,,,,,,,,,,,,,,,,,,529895,73414.5156,,,,,,,,,,,0.438
155,1600,570,2170,8,4,64,SL,,7,7_8_4_64_1600_TT_SL,/usr/scratch2/vilan2/janniss/outputs/power/7_8_4_64_1600_TT_SL-2170-write,False,False,write,6.003e-03,3.143e-03,7.218e-03,4.630e-03,3.799e-03,7.936e-03,0.0164,,,,,,,,,,,,,,,,,,,,,529895,73414.5156,,,,,,,,,,,0.438
